
========================================
SECURITY ALERT
========================================
Time:       2026-08-11 12:21:48
Type:       PORT SCAN
Source IP:  10.94.18.183
Ports:      [52223, 52481, 52837, 54597, 54695, 55117, 57236, 62520, 62632, 62871]
Severity:   HIGH
========================================

========================================
SECURITY ALERT
========================================
Time:       2026-08-11 12:21:48
Type:       PORT SCAN
Source IP:  10.94.18.183
Ports:      [52223, 52481, 52837, 54597, 54695, 55117, 56188, 57236, 62520, 62632, 62871]
Severity:   HIGH
========================================

========================================
SECURITY ALERT
========================================
Time:       2026-08-11 12:21:49
Type:       PORT SCAN
Source IP:  10.94.18.183
Ports:      [52223, 52481, 52837, 54597, 54695, 55117, 56188, 57236, 62520, 62632, 62871, 64431]
Severity:   HIGH
========================================

========================================
SECURITY ALERT
========================================
Time:       2026-08-11 12:25:44
Type:       TRAFFIC SPIKE
Source IP:  NETWORK
Ports:      []
Severity:   MEDIUM
========================================

========================================
SECURITY ALERT
========================================
Time:       2026-08-11 12:25:44
Type:       TRAFFIC SPIKE
Source IP:  NETWORK
Ports:      []
Severity:   MEDIUM
========================================

========================================
SECURITY ALERT
========================================
Time:       2026-08-11 12:25:44
Type:       TRAFFIC SPIKE
Source IP:  NETWORK
Ports:      []
Severity:   MEDIUM
========================================

========================================
SECURITY ALERT
========================================
Time:       2026-08-11 12:25:44
Type:       TRAFFIC SPIKE
Source IP:  NETWORK
Ports:      []
Severity:   MEDIUM
========================================

========================================
SECURITY ALERT
========================================
Time:       2026-08-11 12:25:44
Type:       TRAFFIC SPIKE
Source IP:  NETWORK
Ports:      []
Severity:   MEDIUM
========================================

========================================
SECURITY ALERT
========================================
Time:       2026-08-11 12:25:44
Type:       TRAFFIC SPIKE
Source IP:  NETWORK
Ports:      []
Severity:   MEDIUM
========================================

========================================
SECURITY ALERT
========================================
Time:       2026-08-11 12:25:44
Type:       TRAFFIC SPIKE
Source IP:  NETWORK
Ports:      []
Severity:   MEDIUM
========================================

========================================
SECURITY ALERT
========================================
Time:       2026-08-11 12:25:44
Type:       TRAFFIC SPIKE
Source IP:  NETWORK
Ports:      []
Severity:   MEDIUM
========================================

========================================
SECURITY ALERT
========================================
Time:       2026-08-11 12:25:44
Type:       TRAFFIC SPIKE
Source IP:  NETWORK
Ports:      []
Severity:   MEDIUM
========================================

========================================
SECURITY ALERT
========================================
Time:       2026-08-11 12:25:44
Type:       TRAFFIC SPIKE
Source IP:  NETWORK
Ports:      []
Severity:   MEDIUM
========================================

========================================
SECURITY ALERT
========================================
Time:       2026-08-11 12:25:44
Type:       TRAFFIC SPIKE
Source IP:  NETWORK
Ports:      []
Severity:   MEDIUM
========================================

========================================
SECURITY ALERT
========================================
Time:       2026-08-11 12:25:44
Type:       TRAFFIC SPIKE
Source IP:  NETWORK
Ports:      []
Severity:   MEDIUM
========================================

========================================
SECURITY ALERT
========================================
Time:       2026-08-11 12:25:44
Type:       TRAFFIC SPIKE
Source IP:  NETWORK
Ports:      []
Severity:   MEDIUM
========================================

========================================
SECURITY ALERT
========================================
Time:       2026-08-11 12:25:44
Type:       TRAFFIC SPIKE
Source IP:  NETWORK
Ports:      []
Severity:   MEDIUM
========================================

========================================
SECURITY ALERT
========================================
Time:       2026-08-11 12:25:44
Type:       TRAFFIC SPIKE
Source IP:  NETWORK
Ports:      []
Severity:   MEDIUM
========================================

========================================
SECURITY ALERT
========================================
Time:       2026-08-11 12:25:44
Type:       TRAFFIC SPIKE
Source IP:  NETWORK
Ports:      []
Severity:   MEDIUM
========================================

========================================
SECURITY ALERT
========================================
Time:       2026-08-11 12:25:44
Type:       TRAFFIC SPIKE
Source IP:  NETWORK
Ports:      []
Severity:   MEDIUM
========================================

========================================
SECURITY ALERT
========================================
Time:       2026-08-11 12:25:44
Type:       TRAFFIC SPIKE
Source IP:  NETWORK
Ports:      []
Severity:   MEDIUM
========================================

========================================
SECURITY ALERT
========================================
Time:       2026-08-11 12:25:44
Type:       TRAFFIC SPIKE
Source IP:  NETWORK
Ports:      []
Severity:   MEDIUM
========================================

========================================
SECURITY ALERT
========================================
Time:       2026-08-11 12:25:44
Type:       TRAFFIC SPIKE
Source IP:  NETWORK
Ports:      []
Severity:   MEDIUM
========================================

========================================
SECURITY ALERT
========================================
Time:       2026-08-11 12:25:44
Type:       TRAFFIC SPIKE
Source IP:  NETWORK
Ports:      []
Severity:   MEDIUM
========================================

========================================
SECURITY ALERT
========================================
Time:       2026-08-11 12:25:44
Type:       TRAFFIC SPIKE
Source IP:  NETWORK
Ports:      []
Severity:   MEDIUM
========================================

========================================
SECURITY ALERT
========================================
Time:       2026-08-11 12:25:44
Type:       TRAFFIC SPIKE
Source IP:  NETWORK
Ports:      []
Severity:   MEDIUM
========================================

========================================
SECURITY ALERT
========================================
Time:       2026-08-11 12:25:44
Type:       TRAFFIC SPIKE
Source IP:  NETWORK
Ports:      []
Severity:   MEDIUM
========================================

========================================
SECURITY ALERT
========================================
Time:       2026-08-11 12:25:44
Type:       TRAFFIC SPIKE
Source IP:  NETWORK
Ports:      []
Severity:   MEDIUM
========================================

========================================
SECURITY ALERT
========================================
Time:       2026-08-11 12:25:44
Type:       TRAFFIC SPIKE
Source IP:  NETWORK
Ports:      []
Severity:   MEDIUM
========================================

========================================
SECURITY ALERT
========================================
Time:       2026-08-11 12:25:44
Type:       TRAFFIC SPIKE
Source IP:  NETWORK
Ports:      []
Severity:   MEDIUM
========================================

========================================
SECURITY ALERT
========================================
Time:       2026-08-11 12:25:44
Type:       TRAFFIC SPIKE
Source IP:  NETWORK
Ports:      []
Severity:   MEDIUM
========================================

========================================
SECURITY ALERT
========================================
Time:       2026-08-11 12:25:44
Type:       TRAFFIC SPIKE
Source IP:  NETWORK
Ports:      []
Severity:   MEDIUM
========================================

========================================
SECURITY ALERT
========================================
Time:       2026-08-11 12:25:44
Type:       TRAFFIC SPIKE
Source IP:  NETWORK
Ports:      []
Severity:   MEDIUM
========================================

========================================
SECURITY ALERT
========================================
Time:       2026-08-11 12:25:44
Type:       TRAFFIC SPIKE
Source IP:  NETWORK
Ports:      []
Severity:   MEDIUM
========================================

========================================
SECURITY ALERT
========================================
Time:       2026-08-11 12:25:44
Type:       TRAFFIC SPIKE
Source IP:  NETWORK
Ports:      []
Severity:   MEDIUM
========================================

========================================
SECURITY ALERT
========================================
Time:       2026-08-11 12:25:44
Type:       TRAFFIC SPIKE
Source IP:  NETWORK
Ports:      []
Severity:   MEDIUM
========================================

========================================
SECURITY ALERT
========================================
Time:       2026-08-11 12:25:44
Type:       TRAFFIC SPIKE
Source IP:  NETWORK
Ports:      []
Severity:   MEDIUM
========================================

========================================
SECURITY ALERT
========================================
Time:       2026-08-11 12:25:44
Type:       TRAFFIC SPIKE
Source IP:  NETWORK
Ports:      []
Severity:   MEDIUM
========================================

========================================
SECURITY ALERT
========================================
Time:       2026-08-11 12:25:44
Type:       TRAFFIC SPIKE
Source IP:  NETWORK
Ports:      []
Severity:   MEDIUM
========================================

========================================
SECURITY ALERT
========================================
Time:       2026-08-11 12:25:44
Type:       TRAFFIC SPIKE
Source IP:  NETWORK
Ports:      []
Severity:   MEDIUM
========================================

========================================
SECURITY ALERT
========================================
Time:       2026-08-11 12:25:44
Type:       TRAFFIC SPIKE
Source IP:  NETWORK
Ports:      []
Severity:   MEDIUM
========================================

========================================
SECURITY ALERT
========================================
Time:       2026-08-11 12:25:44
Type:       TRAFFIC SPIKE
Source IP:  NETWORK
Ports:      []
Severity:   MEDIUM
========================================

========================================
SECURITY ALERT
========================================
Time:       2026-08-11 12:25:44
Type:       TRAFFIC SPIKE
Source IP:  NETWORK
Ports:      []
Severity:   MEDIUM
========================================

========================================
SECURITY ALERT
========================================
Time:       2026-08-11 12:25:45
Type:       TRAFFIC SPIKE
Source IP:  NETWORK
Ports:      []
Severity:   MEDIUM
========================================

========================================
SECURITY ALERT
========================================
Time:       2026-08-11 12:25:45
Type:       TRAFFIC SPIKE
Source IP:  NETWORK
Ports:      []
Severity:   MEDIUM
========================================

========================================
SECURITY ALERT
========================================
Time:       2026-08-11 12:25:46
Type:       TRAFFIC SPIKE
Source IP:  NETWORK
Ports:      []
Severity:   MEDIUM
========================================

========================================
SECURITY ALERT
========================================
Time:       2026-08-11 12:25:46
Type:       TRAFFIC SPIKE
Source IP:  NETWORK
Ports:      []
Severity:   MEDIUM
========================================

========================================
SECURITY ALERT
========================================
Time:       2026-08-11 12:25:46
Type:       TRAFFIC SPIKE
Source IP:  NETWORK
Ports:      []
Severity:   MEDIUM
========================================

========================================
SECURITY ALERT
========================================
Time:       2026-08-11 12:25:46
Type:       TRAFFIC SPIKE
Source IP:  NETWORK
Ports:      []
Severity:   MEDIUM
========================================

========================================
SECURITY ALERT
========================================
Time:       2026-08-11 12:25:46
Type:       TRAFFIC SPIKE
Source IP:  NETWORK
Ports:      []
Severity:   MEDIUM
========================================

========================================
SECURITY ALERT
========================================
Time:       2026-08-11 12:25:46
Type:       TRAFFIC SPIKE
Source IP:  NETWORK
Ports:      []
Severity:   MEDIUM
========================================

========================================
SECURITY ALERT
========================================
Time:       2026-08-11 12:25:46
Type:       TRAFFIC SPIKE
Source IP:  NETWORK
Ports:      []
Severity:   MEDIUM
========================================

========================================
SECURITY ALERT
========================================
Time:       2026-08-11 12:25:47
Type:       TRAFFIC SPIKE
Source IP:  NETWORK
Ports:      []
Severity:   MEDIUM
========================================

========================================
SECURITY ALERT
========================================
Time:       2026-08-11 12:25:47
Type:       TRAFFIC SPIKE
Source IP:  NETWORK
Ports:      []
Severity:   MEDIUM
========================================

========================================
SECURITY ALERT
========================================
Time:       2026-08-11 12:25:47
Type:       TRAFFIC SPIKE
Source IP:  NETWORK
Ports:      []
Severity:   MEDIUM
========================================

========================================
SECURITY ALERT
========================================
Time:       2026-08-11 12:25:47
Type:       TRAFFIC SPIKE
Source IP:  NETWORK
Ports:      []
Severity:   MEDIUM
========================================

========================================
SECURITY ALERT
========================================
Time:       2026-08-11 12:25:47
Type:       TRAFFIC SPIKE
Source IP:  NETWORK
Ports:      []
Severity:   MEDIUM
========================================

========================================
SECURITY ALERT
========================================
Time:       2026-08-11 12:25:47
Type:       TRAFFIC SPIKE
Source IP:  NETWORK
Ports:      []
Severity:   MEDIUM
========================================

========================================
SECURITY ALERT
========================================
Time:       2026-08-11 12:25:47
Type:       TRAFFIC SPIKE
Source IP:  NETWORK
Ports:      []
Severity:   MEDIUM
========================================

========================================
SECURITY ALERT
========================================
Time:       2026-08-11 12:25:47
Type:       TRAFFIC SPIKE
Source IP:  NETWORK
Ports:      []
Severity:   MEDIUM
========================================

========================================
SECURITY ALERT
========================================
Time:       2026-08-11 12:25:47
Type:       TRAFFIC SPIKE
Source IP:  NETWORK
Ports:      []
Severity:   MEDIUM
========================================

========================================
SECURITY ALERT
========================================
Time:       2026-08-11 12:25:47
Type:       TRAFFIC SPIKE
Source IP:  NETWORK
Ports:      []
Severity:   MEDIUM
========================================

========================================
SECURITY ALERT
========================================
Time:       2026-08-11 12:25:47
Type:       TRAFFIC SPIKE
Source IP:  NETWORK
Ports:      []
Severity:   MEDIUM
========================================

========================================
SECURITY ALERT
========================================
Time:       2026-08-11 12:25:47
Type:       TRAFFIC SPIKE
Source IP:  NETWORK
Ports:      []
Severity:   MEDIUM
========================================

========================================
SECURITY ALERT
========================================
Time:       2026-08-11 12:25:47
Type:       TRAFFIC SPIKE
Source IP:  NETWORK
Ports:      []
Severity:   MEDIUM
========================================

========================================
SECURITY ALERT
========================================
Time:       2026-08-11 12:25:47
Type:       TRAFFIC SPIKE
Source IP:  NETWORK
Ports:      []
Severity:   MEDIUM
========================================

========================================
SECURITY ALERT
========================================
Time:       2026-08-11 12:25:47
Type:       TRAFFIC SPIKE
Source IP:  NETWORK
Ports:      []
Severity:   MEDIUM
========================================

========================================
SECURITY ALERT
========================================
Time:       2026-08-11 12:25:47
Type:       TRAFFIC SPIKE
Source IP:  NETWORK
Ports:      []
Severity:   MEDIUM
========================================

========================================
SECURITY ALERT
========================================
Time:       2026-08-11 12:25:47
Type:       TRAFFIC SPIKE
Source IP:  NETWORK
Ports:      []
Severity:   MEDIUM
========================================

========================================
SECURITY ALERT
========================================
Time:       2026-08-11 12:25:47
Type:       TRAFFIC SPIKE
Source IP:  NETWORK
Ports:      []
Severity:   MEDIUM
========================================

========================================
SECURITY ALERT
========================================
Time:       2026-08-11 12:25:47
Type:       TRAFFIC SPIKE
Source IP:  NETWORK
Ports:      []
Severity:   MEDIUM
========================================

========================================
SECURITY ALERT
========================================
Time:       2026-08-11 12:25:47
Type:       TRAFFIC SPIKE
Source IP:  NETWORK
Ports:      []
Severity:   MEDIUM
========================================

========================================
SECURITY ALERT
========================================
Time:       2026-08-11 12:25:47
Type:       TRAFFIC SPIKE
Source IP:  NETWORK
Ports:      []
Severity:   MEDIUM
========================================

========================================
SECURITY ALERT
========================================
Time:       2026-08-11 12:25:47
Type:       TRAFFIC SPIKE
Source IP:  NETWORK
Ports:      []
Severity:   MEDIUM
========================================

========================================
SECURITY ALERT
========================================
Time:       2026-08-11 12:25:47
Type:       TRAFFIC SPIKE
Source IP:  NETWORK
Ports:      []
Severity:   MEDIUM
========================================

========================================
SECURITY ALERT
========================================
Time:       2026-08-11 12:25:47
Type:       TRAFFIC SPIKE
Source IP:  NETWORK
Ports:      []
Severity:   MEDIUM
========================================

========================================
SECURITY ALERT
========================================
Time:       2026-08-11 12:25:47
Type:       TRAFFIC SPIKE
Source IP:  NETWORK
Ports:      []
Severity:   MEDIUM
========================================

========================================
SECURITY ALERT
========================================
Time:       2026-08-11 12:25:47
Type:       TRAFFIC SPIKE
Source IP:  NETWORK
Ports:      []
Severity:   MEDIUM
========================================

========================================
SECURITY ALERT
========================================
Time:       2026-08-11 12:25:47
Type:       TRAFFIC SPIKE
Source IP:  NETWORK
Ports:      []
Severity:   MEDIUM
========================================

========================================
SECURITY ALERT
========================================
Time:       2026-08-11 12:25:47
Type:       TRAFFIC SPIKE
Source IP:  NETWORK
Ports:      []
Severity:   MEDIUM
========================================

========================================
SECURITY ALERT
========================================
Time:       2026-08-11 12:25:47
Type:       TRAFFIC SPIKE
Source IP:  NETWORK
Ports:      []
Severity:   MEDIUM
========================================

========================================
SECURITY ALERT
========================================
Time:       2026-08-11 12:25:47
Type:       TRAFFIC SPIKE
Source IP:  NETWORK
Ports:      []
Severity:   MEDIUM
========================================

========================================
SECURITY ALERT
========================================
Time:       2026-08-11 12:25:47
Type:       TRAFFIC SPIKE
Source IP:  NETWORK
Ports:      []
Severity:   MEDIUM
========================================

========================================
SECURITY ALERT
========================================
Time:       2026-08-11 12:25:47
Type:       TRAFFIC SPIKE
Source IP:  NETWORK
Ports:      []
Severity:   MEDIUM
========================================

========================================
SECURITY ALERT
========================================
Time:       2026-08-11 12:25:47
Type:       TRAFFIC SPIKE
Source IP:  NETWORK
Ports:      []
Severity:   MEDIUM
========================================

========================================
SECURITY ALERT
========================================
Time:       2026-08-11 12:25:47
Type:       TRAFFIC SPIKE
Source IP:  NETWORK
Ports:      []
Severity:   MEDIUM
========================================

========================================
SECURITY ALERT
========================================
Time:       2026-08-11 12:25:47
Type:       TRAFFIC SPIKE
Source IP:  NETWORK
Ports:      []
Severity:   MEDIUM
========================================

========================================
SECURITY ALERT
========================================
Time:       2026-08-11 12:25:47
Type:       TRAFFIC SPIKE
Source IP:  NETWORK
Ports:      []
Severity:   MEDIUM
========================================

========================================
SECURITY ALERT
========================================
Time:       2026-08-11 12:25:47
Type:       TRAFFIC SPIKE
Source IP:  NETWORK
Ports:      []
Severity:   MEDIUM
========================================

========================================
SECURITY ALERT
========================================
Time:       2026-08-11 12:25:47
Type:       TRAFFIC SPIKE
Source IP:  NETWORK
Ports:      []
Severity:   MEDIUM
========================================

========================================
SECURITY ALERT
========================================
Time:       2026-08-11 12:25:47
Type:       TRAFFIC SPIKE
Source IP:  NETWORK
Ports:      []
Severity:   MEDIUM
========================================

========================================
SECURITY ALERT
========================================
Time:       2026-08-11 12:25:47
Type:       TRAFFIC SPIKE
Source IP:  NETWORK
Ports:      []
Severity:   MEDIUM
========================================

========================================
SECURITY ALERT
========================================
Time:       2026-08-11 12:25:47
Type:       TRAFFIC SPIKE
Source IP:  NETWORK
Ports:      []
Severity:   MEDIUM
========================================

========================================
SECURITY ALERT
========================================
Time:       2026-08-11 12:25:47
Type:       TRAFFIC SPIKE
Source IP:  NETWORK
Ports:      []
Severity:   MEDIUM
========================================

========================================
SECURITY ALERT
========================================
Time:       2026-08-11 12:25:47
Type:       TRAFFIC SPIKE
Source IP:  NETWORK
Ports:      []
Severity:   MEDIUM
========================================

========================================
SECURITY ALERT
========================================
Time:       2026-08-11 12:25:47
Type:       TRAFFIC SPIKE
Source IP:  NETWORK
Ports:      []
Severity:   MEDIUM
========================================

========================================
SECURITY ALERT
========================================
Time:       2026-08-11 12:25:47
Type:       TRAFFIC SPIKE
Source IP:  NETWORK
Ports:      []
Severity:   MEDIUM
========================================

========================================
SECURITY ALERT
========================================
Time:       2026-08-11 12:25:48
Type:       TRAFFIC SPIKE
Source IP:  NETWORK
Ports:      []
Severity:   MEDIUM
========================================

========================================
SECURITY ALERT
========================================
Time:       2026-08-11 12:25:48
Type:       TRAFFIC SPIKE
Source IP:  NETWORK
Ports:      []
Severity:   MEDIUM
========================================

========================================
SECURITY ALERT
========================================
Time:       2026-08-11 12:25:48
Type:       TRAFFIC SPIKE
Source IP:  NETWORK
Ports:      []
Severity:   MEDIUM
========================================

========================================
SECURITY ALERT
========================================
Time:       2026-08-11 12:25:48
Type:       TRAFFIC SPIKE
Source IP:  NETWORK
Ports:      []
Severity:   MEDIUM
========================================

========================================
SECURITY ALERT
========================================
Time:       2026-08-11 12:25:48
Type:       TRAFFIC SPIKE
Source IP:  NETWORK
Ports:      []
Severity:   MEDIUM
========================================

========================================
SECURITY ALERT
========================================
Time:       2026-08-11 12:25:48
Type:       TRAFFIC SPIKE
Source IP:  NETWORK
Ports:      []
Severity:   MEDIUM
========================================

========================================
SECURITY ALERT
========================================
Time:       2026-08-11 12:25:48
Type:       TRAFFIC SPIKE
Source IP:  NETWORK
Ports:      []
Severity:   MEDIUM
========================================

========================================
SECURITY ALERT
========================================
Time:       2026-08-11 12:25:48
Type:       TRAFFIC SPIKE
Source IP:  NETWORK
Ports:      []
Severity:   MEDIUM
========================================

========================================
SECURITY ALERT
========================================
Time:       2026-08-11 12:25:48
Type:       TRAFFIC SPIKE
Source IP:  NETWORK
Ports:      []
Severity:   MEDIUM
========================================

========================================
SECURITY ALERT
========================================
Time:       2026-08-11 12:25:48
Type:       TRAFFIC SPIKE
Source IP:  NETWORK
Ports:      []
Severity:   MEDIUM
========================================

========================================
SECURITY ALERT
========================================
Time:       2026-08-11 12:25:48
Type:       TRAFFIC SPIKE
Source IP:  NETWORK
Ports:      []
Severity:   MEDIUM
========================================

========================================
SECURITY ALERT
========================================
Time:       2026-08-11 12:25:48
Type:       TRAFFIC SPIKE
Source IP:  NETWORK
Ports:      []
Severity:   MEDIUM
========================================

========================================
SECURITY ALERT
========================================
Time:       2026-08-11 12:25:48
Type:       TRAFFIC SPIKE
Source IP:  NETWORK
Ports:      []
Severity:   MEDIUM
========================================

========================================
SECURITY ALERT
========================================
Time:       2026-08-11 12:25:49
Type:       TRAFFIC SPIKE
Source IP:  NETWORK
Ports:      []
Severity:   MEDIUM
========================================

========================================
SECURITY ALERT
========================================
Time:       2026-08-11 12:25:49
Type:       TRAFFIC SPIKE
Source IP:  NETWORK
Ports:      []
Severity:   MEDIUM
========================================

========================================
SECURITY ALERT
========================================
Time:       2026-08-11 12:25:49
Type:       TRAFFIC SPIKE
Source IP:  NETWORK
Ports:      []
Severity:   MEDIUM
========================================

========================================
SECURITY ALERT
========================================
Time:       2026-08-11 12:25:49
Type:       TRAFFIC SPIKE
Source IP:  NETWORK
Ports:      []
Severity:   MEDIUM
========================================

========================================
SECURITY ALERT
========================================
Time:       2026-08-11 12:25:49
Type:       TRAFFIC SPIKE
Source IP:  NETWORK
Ports:      []
Severity:   MEDIUM
========================================

========================================
SECURITY ALERT
========================================
Time:       2026-08-11 12:25:49
Type:       TRAFFIC SPIKE
Source IP:  NETWORK
Ports:      []
Severity:   MEDIUM
========================================

========================================
SECURITY ALERT
========================================
Time:       2026-08-11 12:25:49
Type:       TRAFFIC SPIKE
Source IP:  NETWORK
Ports:      []
Severity:   MEDIUM
========================================

========================================
SECURITY ALERT
========================================
Time:       2026-08-11 12:25:49
Type:       TRAFFIC SPIKE
Source IP:  NETWORK
Ports:      []
Severity:   MEDIUM
========================================

========================================
SECURITY ALERT
========================================
Time:       2026-08-11 12:25:49
Type:       TRAFFIC SPIKE
Source IP:  NETWORK
Ports:      []
Severity:   MEDIUM
========================================

========================================
SECURITY ALERT
========================================
Time:       2026-08-11 12:25:49
Type:       TRAFFIC SPIKE
Source IP:  NETWORK
Ports:      []
Severity:   MEDIUM
========================================

========================================
SECURITY ALERT
========================================
Time:       2026-08-11 12:25:49
Type:       TRAFFIC SPIKE
Source IP:  NETWORK
Ports:      []
Severity:   MEDIUM
========================================

========================================
SECURITY ALERT
========================================
Time:       2026-08-11 12:25:49
Type:       TRAFFIC SPIKE
Source IP:  NETWORK
Ports:      []
Severity:   MEDIUM
========================================

========================================
SECURITY ALERT
========================================
Time:       2026-08-11 12:25:49
Type:       TRAFFIC SPIKE
Source IP:  NETWORK
Ports:      []
Severity:   MEDIUM
========================================

========================================
SECURITY ALERT
========================================
Time:       2026-08-11 12:25:49
Type:       TRAFFIC SPIKE
Source IP:  NETWORK
Ports:      []
Severity:   MEDIUM
========================================

========================================
SECURITY ALERT
========================================
Time:       2026-08-11 12:25:49
Type:       TRAFFIC SPIKE
Source IP:  NETWORK
Ports:      []
Severity:   MEDIUM
========================================

========================================
SECURITY ALERT
========================================
Time:       2026-08-11 12:25:49
Type:       TRAFFIC SPIKE
Source IP:  NETWORK
Ports:      []
Severity:   MEDIUM
========================================

========================================
SECURITY ALERT
========================================
Time:       2026-08-11 12:25:49
Type:       TRAFFIC SPIKE
Source IP:  NETWORK
Ports:      []
Severity:   MEDIUM
========================================

========================================
SECURITY ALERT
========================================
Time:       2026-08-11 12:25:49
Type:       TRAFFIC SPIKE
Source IP:  NETWORK
Ports:      []
Severity:   MEDIUM
========================================

========================================
SECURITY ALERT
========================================
Time:       2026-08-11 12:25:49
Type:       TRAFFIC SPIKE
Source IP:  NETWORK
Ports:      []
Severity:   MEDIUM
========================================

========================================
SECURITY ALERT
========================================
Time:       2026-08-11 12:25:49
Type:       TRAFFIC SPIKE
Source IP:  NETWORK
Ports:      []
Severity:   MEDIUM
========================================

========================================
SECURITY ALERT
========================================
Time:       2026-08-11 12:25:49
Type:       TRAFFIC SPIKE
Source IP:  NETWORK
Ports:      []
Severity:   MEDIUM
========================================

========================================
SECURITY ALERT
========================================
Time:       2026-08-11 12:25:49
Type:       TRAFFIC SPIKE
Source IP:  NETWORK
Ports:      []
Severity:   MEDIUM
========================================

========================================
SECURITY ALERT
========================================
Time:       2026-08-11 12:25:49
Type:       TRAFFIC SPIKE
Source IP:  NETWORK
Ports:      []
Severity:   MEDIUM
========================================

========================================
SECURITY ALERT
========================================
Time:       2026-08-11 12:25:49
Type:       TRAFFIC SPIKE
Source IP:  NETWORK
Ports:      []
Severity:   MEDIUM
========================================

========================================
SECURITY ALERT
========================================
Time:       2026-08-11 12:25:49
Type:       TRAFFIC SPIKE
Source IP:  NETWORK
Ports:      []
Severity:   MEDIUM
========================================

========================================
SECURITY ALERT
========================================
Time:       2026-08-11 12:25:49
Type:       TRAFFIC SPIKE
Source IP:  NETWORK
Ports:      []
Severity:   MEDIUM
========================================

========================================
SECURITY ALERT
========================================
Time:       2026-08-11 12:25:49
Type:       TRAFFIC SPIKE
Source IP:  NETWORK
Ports:      []
Severity:   MEDIUM
========================================

========================================
SECURITY ALERT
========================================
Time:       2026-08-11 12:25:49
Type:       TRAFFIC SPIKE
Source IP:  NETWORK
Ports:      []
Severity:   MEDIUM
========================================

========================================
SECURITY ALERT
========================================
Time:       2026-08-11 12:25:49
Type:       TRAFFIC SPIKE
Source IP:  NETWORK
Ports:      []
Severity:   MEDIUM
========================================

========================================
SECURITY ALERT
========================================
Time:       2026-08-11 12:25:50
Type:       TRAFFIC SPIKE
Source IP:  NETWORK
Ports:      []
Severity:   MEDIUM
========================================

========================================
SECURITY ALERT
========================================
Time:       2026-08-11 12:25:50
Type:       TRAFFIC SPIKE
Source IP:  NETWORK
Ports:      []
Severity:   MEDIUM
========================================

========================================
SECURITY ALERT
========================================
Time:       2026-08-11 12:25:50
Type:       TRAFFIC SPIKE
Source IP:  NETWORK
Ports:      []
Severity:   MEDIUM
========================================

========================================
SECURITY ALERT
========================================
Time:       2026-08-11 12:25:50
Type:       TRAFFIC SPIKE
Source IP:  NETWORK
Ports:      []
Severity:   MEDIUM
========================================

========================================
SECURITY ALERT
========================================
Time:       2026-08-11 12:25:50
Type:       TRAFFIC SPIKE
Source IP:  NETWORK
Ports:      []
Severity:   MEDIUM
========================================

========================================
SECURITY ALERT
========================================
Time:       2026-08-11 12:25:50
Type:       TRAFFIC SPIKE
Source IP:  NETWORK
Ports:      []
Severity:   MEDIUM
========================================

========================================
SECURITY ALERT
========================================
Time:       2026-08-11 12:25:50
Type:       TRAFFIC SPIKE
Source IP:  NETWORK
Ports:      []
Severity:   MEDIUM
========================================

========================================
SECURITY ALERT
========================================
Time:       2026-08-11 12:25:50
Type:       TRAFFIC SPIKE
Source IP:  NETWORK
Ports:      []
Severity:   MEDIUM
========================================

========================================
SECURITY ALERT
========================================
Time:       2026-08-11 12:25:50
Type:       TRAFFIC SPIKE
Source IP:  NETWORK
Ports:      []
Severity:   MEDIUM
========================================

========================================
SECURITY ALERT
========================================
Time:       2026-08-11 12:25:50
Type:       TRAFFIC SPIKE
Source IP:  NETWORK
Ports:      []
Severity:   MEDIUM
========================================

========================================
SECURITY ALERT
========================================
Time:       2026-08-11 12:25:50
Type:       TRAFFIC SPIKE
Source IP:  NETWORK
Ports:      []
Severity:   MEDIUM
========================================

========================================
SECURITY ALERT
========================================
Time:       2026-08-11 12:25:50
Type:       TRAFFIC SPIKE
Source IP:  NETWORK
Ports:      []
Severity:   MEDIUM
========================================

========================================
SECURITY ALERT
========================================
Time:       2026-08-11 12:25:50
Type:       TRAFFIC SPIKE
Source IP:  NETWORK
Ports:      []
Severity:   MEDIUM
========================================

========================================
SECURITY ALERT
========================================
Time:       2026-08-11 12:25:50
Type:       TRAFFIC SPIKE
Source IP:  NETWORK
Ports:      []
Severity:   MEDIUM
========================================

========================================
SECURITY ALERT
========================================
Time:       2026-08-11 12:25:50
Type:       TRAFFIC SPIKE
Source IP:  NETWORK
Ports:      []
Severity:   MEDIUM
========================================

========================================
SECURITY ALERT
========================================
Time:       2026-08-11 12:25:50
Type:       TRAFFIC SPIKE
Source IP:  NETWORK
Ports:      []
Severity:   MEDIUM
========================================

========================================
SECURITY ALERT
========================================
Time:       2026-08-11 12:25:50
Type:       TRAFFIC SPIKE
Source IP:  NETWORK
Ports:      []
Severity:   MEDIUM
========================================

========================================
SECURITY ALERT
========================================
Time:       2026-08-11 12:25:50
Type:       TRAFFIC SPIKE
Source IP:  NETWORK
Ports:      []
Severity:   MEDIUM
========================================

========================================
SECURITY ALERT
========================================
Time:       2026-08-11 12:25:51
Type:       TRAFFIC SPIKE
Source IP:  NETWORK
Ports:      []
Severity:   MEDIUM
========================================

========================================
SECURITY ALERT
========================================
Time:       2026-08-11 12:25:51
Type:       TRAFFIC SPIKE
Source IP:  NETWORK
Ports:      []
Severity:   MEDIUM
========================================

========================================
SECURITY ALERT
========================================
Time:       2026-08-11 12:25:51
Type:       TRAFFIC SPIKE
Source IP:  NETWORK
Ports:      []
Severity:   MEDIUM
========================================

========================================
SECURITY ALERT
========================================
Time:       2026-08-11 12:25:51
Type:       TRAFFIC SPIKE
Source IP:  NETWORK
Ports:      []
Severity:   MEDIUM
========================================

========================================
SECURITY ALERT
========================================
Time:       2026-08-11 12:25:51
Type:       TRAFFIC SPIKE
Source IP:  NETWORK
Ports:      []
Severity:   MEDIUM
========================================

========================================
SECURITY ALERT
========================================
Time:       2026-08-11 12:25:51
Type:       TRAFFIC SPIKE
Source IP:  NETWORK
Ports:      []
Severity:   MEDIUM
========================================

========================================
SECURITY ALERT
========================================
Time:       2026-08-11 12:25:51
Type:       TRAFFIC SPIKE
Source IP:  NETWORK
Ports:      []
Severity:   MEDIUM
========================================

========================================
SECURITY ALERT
========================================
Time:       2026-08-11 12:25:51
Type:       TRAFFIC SPIKE
Source IP:  NETWORK
Ports:      []
Severity:   MEDIUM
========================================

========================================
SECURITY ALERT
========================================
Time:       2026-08-11 12:25:51
Type:       TRAFFIC SPIKE
Source IP:  NETWORK
Ports:      []
Severity:   MEDIUM
========================================

========================================
SECURITY ALERT
========================================
Time:       2026-08-11 12:25:51
Type:       TRAFFIC SPIKE
Source IP:  NETWORK
Ports:      []
Severity:   MEDIUM
========================================

========================================
SECURITY ALERT
========================================
Time:       2026-08-11 12:25:51
Type:       TRAFFIC SPIKE
Source IP:  NETWORK
Ports:      []
Severity:   MEDIUM
========================================

========================================
SECURITY ALERT
========================================
Time:       2026-08-11 12:25:51
Type:       TRAFFIC SPIKE
Source IP:  NETWORK
Ports:      []
Severity:   MEDIUM
========================================

========================================
SECURITY ALERT
========================================
Time:       2026-08-11 12:25:51
Type:       TRAFFIC SPIKE
Source IP:  NETWORK
Ports:      []
Severity:   MEDIUM
========================================

========================================
SECURITY ALERT
========================================
Time:       2026-08-11 12:25:52
Type:       TRAFFIC SPIKE
Source IP:  NETWORK
Ports:      []
Severity:   MEDIUM
========================================

========================================
SECURITY ALERT
========================================
Time:       2026-08-11 12:25:52
Type:       TRAFFIC SPIKE
Source IP:  NETWORK
Ports:      []
Severity:   MEDIUM
========================================

========================================
SECURITY ALERT
========================================
Time:       2026-08-11 12:25:52
Type:       TRAFFIC SPIKE
Source IP:  NETWORK
Ports:      []
Severity:   MEDIUM
========================================

========================================
SECURITY ALERT
========================================
Time:       2026-08-11 12:25:52
Type:       TRAFFIC SPIKE
Source IP:  NETWORK
Ports:      []
Severity:   MEDIUM
========================================

========================================
SECURITY ALERT
========================================
Time:       2026-08-11 12:25:52
Type:       TRAFFIC SPIKE
Source IP:  NETWORK
Ports:      []
Severity:   MEDIUM
========================================

========================================
SECURITY ALERT
========================================
Time:       2026-08-11 12:25:52
Type:       TRAFFIC SPIKE
Source IP:  NETWORK
Ports:      []
Severity:   MEDIUM
========================================

========================================
SECURITY ALERT
========================================
Time:       2026-08-11 12:25:52
Type:       TRAFFIC SPIKE
Source IP:  NETWORK
Ports:      []
Severity:   MEDIUM
========================================

========================================
SECURITY ALERT
========================================
Time:       2026-08-11 12:25:52
Type:       TRAFFIC SPIKE
Source IP:  NETWORK
Ports:      []
Severity:   MEDIUM
========================================

========================================
SECURITY ALERT
========================================
Time:       2026-08-11 12:25:52
Type:       TRAFFIC SPIKE
Source IP:  NETWORK
Ports:      []
Severity:   MEDIUM
========================================

========================================
SECURITY ALERT
========================================
Time:       2026-08-11 12:25:52
Type:       TRAFFIC SPIKE
Source IP:  NETWORK
Ports:      []
Severity:   MEDIUM
========================================

========================================
SECURITY ALERT
========================================
Time:       2026-08-11 12:25:52
Type:       TRAFFIC SPIKE
Source IP:  NETWORK
Ports:      []
Severity:   MEDIUM
========================================

========================================
SECURITY ALERT
========================================
Time:       2026-08-11 12:25:52
Type:       TRAFFIC SPIKE
Source IP:  NETWORK
Ports:      []
Severity:   MEDIUM
========================================

========================================
SECURITY ALERT
========================================
Time:       2026-08-11 12:25:53
Type:       TRAFFIC SPIKE
Source IP:  NETWORK
Ports:      []
Severity:   MEDIUM
========================================

========================================
SECURITY ALERT
========================================
Time:       2026-08-11 12:25:53
Type:       TRAFFIC SPIKE
Source IP:  NETWORK
Ports:      []
Severity:   MEDIUM
========================================

========================================
SECURITY ALERT
========================================
Time:       2026-08-11 12:25:53
Type:       TRAFFIC SPIKE
Source IP:  NETWORK
Ports:      []
Severity:   MEDIUM
========================================

========================================
SECURITY ALERT
========================================
Time:       2026-08-11 12:25:53
Type:       TRAFFIC SPIKE
Source IP:  NETWORK
Ports:      []
Severity:   MEDIUM
========================================

========================================
SECURITY ALERT
========================================
Time:       2026-08-11 12:25:53
Type:       TRAFFIC SPIKE
Source IP:  NETWORK
Ports:      []
Severity:   MEDIUM
========================================

========================================
SECURITY ALERT
========================================
Time:       2026-08-11 12:25:53
Type:       TRAFFIC SPIKE
Source IP:  NETWORK
Ports:      []
Severity:   MEDIUM
========================================

========================================
SECURITY ALERT
========================================
Time:       2026-08-11 12:25:53
Type:       TRAFFIC SPIKE
Source IP:  NETWORK
Ports:      []
Severity:   MEDIUM
========================================

========================================
SECURITY ALERT
========================================
Time:       2026-08-11 12:25:53
Type:       TRAFFIC SPIKE
Source IP:  NETWORK
Ports:      []
Severity:   MEDIUM
========================================

========================================
SECURITY ALERT
========================================
Time:       2026-08-11 12:25:53
Type:       TRAFFIC SPIKE
Source IP:  NETWORK
Ports:      []
Severity:   MEDIUM
========================================

========================================
SECURITY ALERT
========================================
Time:       2026-08-11 12:25:53
Type:       TRAFFIC SPIKE
Source IP:  NETWORK
Ports:      []
Severity:   MEDIUM
========================================

========================================
SECURITY ALERT
========================================
Time:       2026-08-11 12:25:53
Type:       TRAFFIC SPIKE
Source IP:  NETWORK
Ports:      []
Severity:   MEDIUM
========================================

========================================
SECURITY ALERT
========================================
Time:       2026-08-11 12:25:53
Type:       TRAFFIC SPIKE
Source IP:  NETWORK
Ports:      []
Severity:   MEDIUM
========================================

========================================
SECURITY ALERT
========================================
Time:       2026-08-11 12:25:54
Type:       TRAFFIC SPIKE
Source IP:  NETWORK
Ports:      []
Severity:   MEDIUM
========================================

========================================
SECURITY ALERT
========================================
Time:       2026-08-11 12:25:54
Type:       TRAFFIC SPIKE
Source IP:  NETWORK
Ports:      []
Severity:   MEDIUM
========================================

========================================
SECURITY ALERT
========================================
Time:       2026-08-11 12:25:54
Type:       TRAFFIC SPIKE
Source IP:  NETWORK
Ports:      []
Severity:   MEDIUM
========================================

========================================
SECURITY ALERT
========================================
Time:       2026-08-11 12:25:54
Type:       TRAFFIC SPIKE
Source IP:  NETWORK
Ports:      []
Severity:   MEDIUM
========================================

========================================
SECURITY ALERT
========================================
Time:       2026-08-11 12:25:54
Type:       TRAFFIC SPIKE
Source IP:  NETWORK
Ports:      []
Severity:   MEDIUM
========================================

========================================
SECURITY ALERT
========================================
Time:       2026-08-11 12:25:54
Type:       TRAFFIC SPIKE
Source IP:  NETWORK
Ports:      []
Severity:   MEDIUM
========================================

========================================
SECURITY ALERT
========================================
Time:       2026-08-11 12:25:54
Type:       TRAFFIC SPIKE
Source IP:  NETWORK
Ports:      []
Severity:   MEDIUM
========================================

========================================
SECURITY ALERT
========================================
Time:       2026-08-11 12:25:54
Type:       TRAFFIC SPIKE
Source IP:  NETWORK
Ports:      []
Severity:   MEDIUM
========================================

========================================
SECURITY ALERT
========================================
Time:       2026-08-11 12:25:54
Type:       TRAFFIC SPIKE
Source IP:  NETWORK
Ports:      []
Severity:   MEDIUM
========================================

========================================
SECURITY ALERT
========================================
Time:       2026-08-11 12:25:54
Type:       TRAFFIC SPIKE
Source IP:  NETWORK
Ports:      []
Severity:   MEDIUM
========================================

========================================
SECURITY ALERT
========================================
Time:       2026-08-11 12:25:54
Type:       TRAFFIC SPIKE
Source IP:  NETWORK
Ports:      []
Severity:   MEDIUM
========================================

========================================
SECURITY ALERT
========================================
Time:       2026-08-11 12:25:54
Type:       TRAFFIC SPIKE
Source IP:  NETWORK
Ports:      []
Severity:   MEDIUM
========================================

========================================
SECURITY ALERT
========================================
Time:       2026-08-11 12:25:54
Type:       TRAFFIC SPIKE
Source IP:  NETWORK
Ports:      []
Severity:   MEDIUM
========================================

========================================
SECURITY ALERT
========================================
Time:       2026-08-11 12:25:54
Type:       TRAFFIC SPIKE
Source IP:  NETWORK
Ports:      []
Severity:   MEDIUM
========================================

========================================
SECURITY ALERT
========================================
Time:       2026-08-11 12:25:54
Type:       TRAFFIC SPIKE
Source IP:  NETWORK
Ports:      []
Severity:   MEDIUM
========================================

========================================
SECURITY ALERT
========================================
Time:       2026-08-11 12:25:54
Type:       TRAFFIC SPIKE
Source IP:  NETWORK
Ports:      []
Severity:   MEDIUM
========================================

========================================
SECURITY ALERT
========================================
Time:       2026-08-11 12:25:54
Type:       TRAFFIC SPIKE
Source IP:  NETWORK
Ports:      []
Severity:   MEDIUM
========================================

========================================
SECURITY ALERT
========================================
Time:       2026-08-11 12:25:54
Type:       TRAFFIC SPIKE
Source IP:  NETWORK
Ports:      []
Severity:   MEDIUM
========================================

========================================
SECURITY ALERT
========================================
Time:       2026-08-11 12:25:54
Type:       TRAFFIC SPIKE
Source IP:  NETWORK
Ports:      []
Severity:   MEDIUM
========================================

========================================
SECURITY ALERT
========================================
Time:       2026-08-11 12:25:54
Type:       TRAFFIC SPIKE
Source IP:  NETWORK
Ports:      []
Severity:   MEDIUM
========================================

========================================
SECURITY ALERT
========================================
Time:       2026-08-11 12:25:54
Type:       TRAFFIC SPIKE
Source IP:  NETWORK
Ports:      []
Severity:   MEDIUM
========================================

========================================
SECURITY ALERT
========================================
Time:       2026-08-11 12:25:54
Type:       TRAFFIC SPIKE
Source IP:  NETWORK
Ports:      []
Severity:   MEDIUM
========================================

========================================
SECURITY ALERT
========================================
Time:       2026-08-11 12:25:55
Type:       TRAFFIC SPIKE
Source IP:  NETWORK
Ports:      []
Severity:   MEDIUM
========================================

========================================
SECURITY ALERT
========================================
Time:       2026-08-11 12:25:55
Type:       TRAFFIC SPIKE
Source IP:  NETWORK
Ports:      []
Severity:   MEDIUM
========================================

========================================
SECURITY ALERT
========================================
Time:       2026-08-11 12:25:55
Type:       TRAFFIC SPIKE
Source IP:  NETWORK
Ports:      []
Severity:   MEDIUM
========================================

========================================
SECURITY ALERT
========================================
Time:       2026-08-11 12:25:55
Type:       TRAFFIC SPIKE
Source IP:  NETWORK
Ports:      []
Severity:   MEDIUM
========================================

========================================
SECURITY ALERT
========================================
Time:       2026-08-11 12:25:55
Type:       TRAFFIC SPIKE
Source IP:  NETWORK
Ports:      []
Severity:   MEDIUM
========================================

========================================
SECURITY ALERT
========================================
Time:       2026-08-11 12:25:55
Type:       TRAFFIC SPIKE
Source IP:  NETWORK
Ports:      []
Severity:   MEDIUM
========================================

========================================
SECURITY ALERT
========================================
Time:       2026-08-11 12:25:55
Type:       TRAFFIC SPIKE
Source IP:  NETWORK
Ports:      []
Severity:   MEDIUM
========================================

========================================
SECURITY ALERT
========================================
Time:       2026-08-11 12:25:55
Type:       TRAFFIC SPIKE
Source IP:  NETWORK
Ports:      []
Severity:   MEDIUM
========================================

========================================
SECURITY ALERT
========================================
Time:       2026-08-11 12:25:56
Type:       TRAFFIC SPIKE
Source IP:  NETWORK
Ports:      []
Severity:   MEDIUM
========================================

========================================
SECURITY ALERT
========================================
Time:       2026-08-11 12:25:56
Type:       TRAFFIC SPIKE
Source IP:  NETWORK
Ports:      []
Severity:   MEDIUM
========================================

========================================
SECURITY ALERT
========================================
Time:       2026-08-11 12:25:56
Type:       TRAFFIC SPIKE
Source IP:  NETWORK
Ports:      []
Severity:   MEDIUM
========================================

========================================
SECURITY ALERT
========================================
Time:       2026-08-11 12:25:56
Type:       TRAFFIC SPIKE
Source IP:  NETWORK
Ports:      []
Severity:   MEDIUM
========================================

========================================
SECURITY ALERT
========================================
Time:       2026-08-11 12:25:57
Type:       TRAFFIC SPIKE
Source IP:  NETWORK
Ports:      []
Severity:   MEDIUM
========================================

========================================
SECURITY ALERT
========================================
Time:       2026-08-11 12:25:57
Type:       TRAFFIC SPIKE
Source IP:  NETWORK
Ports:      []
Severity:   MEDIUM
========================================

========================================
SECURITY ALERT
========================================
Time:       2026-08-11 12:25:57
Type:       TRAFFIC SPIKE
Source IP:  NETWORK
Ports:      []
Severity:   MEDIUM
========================================

========================================
SECURITY ALERT
========================================
Time:       2026-08-11 12:25:57
Type:       TRAFFIC SPIKE
Source IP:  NETWORK
Ports:      []
Severity:   MEDIUM
========================================

========================================
SECURITY ALERT
========================================
Time:       2026-08-11 12:25:57
Type:       TRAFFIC SPIKE
Source IP:  NETWORK
Ports:      []
Severity:   MEDIUM
========================================

========================================
SECURITY ALERT
========================================
Time:       2026-08-11 12:25:57
Type:       TRAFFIC SPIKE
Source IP:  NETWORK
Ports:      []
Severity:   MEDIUM
========================================

========================================
SECURITY ALERT
========================================
Time:       2026-08-11 12:25:57
Type:       TRAFFIC SPIKE
Source IP:  NETWORK
Ports:      []
Severity:   MEDIUM
========================================

========================================
SECURITY ALERT
========================================
Time:       2026-08-11 12:25:58
Type:       TRAFFIC SPIKE
Source IP:  NETWORK
Ports:      []
Severity:   MEDIUM
========================================

========================================
SECURITY ALERT
========================================
Time:       2026-08-11 12:25:58
Type:       TRAFFIC SPIKE
Source IP:  NETWORK
Ports:      []
Severity:   MEDIUM
========================================

========================================
SECURITY ALERT
========================================
Time:       2026-08-11 12:25:58
Type:       TRAFFIC SPIKE
Source IP:  NETWORK
Ports:      []
Severity:   MEDIUM
========================================

========================================
SECURITY ALERT
========================================
Time:       2026-08-11 12:25:58
Type:       TRAFFIC SPIKE
Source IP:  NETWORK
Ports:      []
Severity:   MEDIUM
========================================

========================================
SECURITY ALERT
========================================
Time:       2026-08-11 12:25:58
Type:       TRAFFIC SPIKE
Source IP:  NETWORK
Ports:      []
Severity:   MEDIUM
========================================

========================================
SECURITY ALERT
========================================
Time:       2026-08-11 12:25:58
Type:       TRAFFIC SPIKE
Source IP:  NETWORK
Ports:      []
Severity:   MEDIUM
========================================

========================================
SECURITY ALERT
========================================
Time:       2026-08-11 12:25:58
Type:       TRAFFIC SPIKE
Source IP:  NETWORK
Ports:      []
Severity:   MEDIUM
========================================

========================================
SECURITY ALERT
========================================
Time:       2026-08-11 12:25:58
Type:       TRAFFIC SPIKE
Source IP:  NETWORK
Ports:      []
Severity:   MEDIUM
========================================

========================================
SECURITY ALERT
========================================
Time:       2026-08-11 12:25:58
Type:       TRAFFIC SPIKE
Source IP:  NETWORK
Ports:      []
Severity:   MEDIUM
========================================

========================================
SECURITY ALERT
========================================
Time:       2026-08-11 12:25:58
Type:       TRAFFIC SPIKE
Source IP:  NETWORK
Ports:      []
Severity:   MEDIUM
========================================

========================================
SECURITY ALERT
========================================
Time:       2026-08-11 12:25:58
Type:       TRAFFIC SPIKE
Source IP:  NETWORK
Ports:      []
Severity:   MEDIUM
========================================

========================================
SECURITY ALERT
========================================
Time:       2026-08-11 12:25:58
Type:       TRAFFIC SPIKE
Source IP:  NETWORK
Ports:      []
Severity:   MEDIUM
========================================

========================================
SECURITY ALERT
========================================
Time:       2026-08-11 12:25:58
Type:       TRAFFIC SPIKE
Source IP:  NETWORK
Ports:      []
Severity:   MEDIUM
========================================

========================================
SECURITY ALERT
========================================
Time:       2026-08-11 12:25:58
Type:       TRAFFIC SPIKE
Source IP:  NETWORK
Ports:      []
Severity:   MEDIUM
========================================

========================================
SECURITY ALERT
========================================
Time:       2026-08-11 12:25:58
Type:       TRAFFIC SPIKE
Source IP:  NETWORK
Ports:      []
Severity:   MEDIUM
========================================

========================================
SECURITY ALERT
========================================
Time:       2026-08-11 12:25:58
Type:       TRAFFIC SPIKE
Source IP:  NETWORK
Ports:      []
Severity:   MEDIUM
========================================

========================================
SECURITY ALERT
========================================
Time:       2026-08-11 12:25:58
Type:       TRAFFIC SPIKE
Source IP:  NETWORK
Ports:      []
Severity:   MEDIUM
========================================

========================================
SECURITY ALERT
========================================
Time:       2026-08-11 12:25:58
Type:       TRAFFIC SPIKE
Source IP:  NETWORK
Ports:      []
Severity:   MEDIUM
========================================

========================================
SECURITY ALERT
========================================
Time:       2026-08-11 12:25:58
Type:       TRAFFIC SPIKE
Source IP:  NETWORK
Ports:      []
Severity:   MEDIUM
========================================

========================================
SECURITY ALERT
========================================
Time:       2026-08-11 12:25:58
Type:       TRAFFIC SPIKE
Source IP:  NETWORK
Ports:      []
Severity:   MEDIUM
========================================

========================================
SECURITY ALERT
========================================
Time:       2026-08-11 12:25:58
Type:       TRAFFIC SPIKE
Source IP:  NETWORK
Ports:      []
Severity:   MEDIUM
========================================

========================================
SECURITY ALERT
========================================
Time:       2026-08-11 12:25:58
Type:       TRAFFIC SPIKE
Source IP:  NETWORK
Ports:      []
Severity:   MEDIUM
========================================

========================================
SECURITY ALERT
========================================
Time:       2026-08-11 12:25:58
Type:       TRAFFIC SPIKE
Source IP:  NETWORK
Ports:      []
Severity:   MEDIUM
========================================

========================================
SECURITY ALERT
========================================
Time:       2026-08-11 12:25:58
Type:       TRAFFIC SPIKE
Source IP:  NETWORK
Ports:      []
Severity:   MEDIUM
========================================

========================================
SECURITY ALERT
========================================
Time:       2026-08-11 12:25:58
Type:       TRAFFIC SPIKE
Source IP:  NETWORK
Ports:      []
Severity:   MEDIUM
========================================

========================================
SECURITY ALERT
========================================
Time:       2026-08-11 12:25:58
Type:       TRAFFIC SPIKE
Source IP:  NETWORK
Ports:      []
Severity:   MEDIUM
========================================

========================================
SECURITY ALERT
========================================
Time:       2026-08-11 12:25:58
Type:       TRAFFIC SPIKE
Source IP:  NETWORK
Ports:      []
Severity:   MEDIUM
========================================

========================================
SECURITY ALERT
========================================
Time:       2026-08-11 12:25:58
Type:       TRAFFIC SPIKE
Source IP:  NETWORK
Ports:      []
Severity:   MEDIUM
========================================

========================================
SECURITY ALERT
========================================
Time:       2026-08-11 12:25:58
Type:       TRAFFIC SPIKE
Source IP:  NETWORK
Ports:      []
Severity:   MEDIUM
========================================

========================================
SECURITY ALERT
========================================
Time:       2026-08-11 12:25:58
Type:       TRAFFIC SPIKE
Source IP:  NETWORK
Ports:      []
Severity:   MEDIUM
========================================

========================================
SECURITY ALERT
========================================
Time:       2026-08-11 12:25:58
Type:       TRAFFIC SPIKE
Source IP:  NETWORK
Ports:      []
Severity:   MEDIUM
========================================

========================================
SECURITY ALERT
========================================
Time:       2026-08-11 12:25:58
Type:       TRAFFIC SPIKE
Source IP:  NETWORK
Ports:      []
Severity:   MEDIUM
========================================

========================================
SECURITY ALERT
========================================
Time:       2026-08-11 12:25:58
Type:       TRAFFIC SPIKE
Source IP:  NETWORK
Ports:      []
Severity:   MEDIUM
========================================

========================================
SECURITY ALERT
========================================
Time:       2026-08-11 12:25:58
Type:       TRAFFIC SPIKE
Source IP:  NETWORK
Ports:      []
Severity:   MEDIUM
========================================

========================================
SECURITY ALERT
========================================
Time:       2026-08-11 12:25:58
Type:       TRAFFIC SPIKE
Source IP:  NETWORK
Ports:      []
Severity:   MEDIUM
========================================

========================================
SECURITY ALERT
========================================
Time:       2026-08-11 12:25:58
Type:       TRAFFIC SPIKE
Source IP:  NETWORK
Ports:      []
Severity:   MEDIUM
========================================

========================================
SECURITY ALERT
========================================
Time:       2026-08-11 12:25:58
Type:       TRAFFIC SPIKE
Source IP:  NETWORK
Ports:      []
Severity:   MEDIUM
========================================

========================================
SECURITY ALERT
========================================
Time:       2026-08-11 12:25:58
Type:       TRAFFIC SPIKE
Source IP:  NETWORK
Ports:      []
Severity:   MEDIUM
========================================

========================================
SECURITY ALERT
========================================
Time:       2026-08-11 12:25:58
Type:       TRAFFIC SPIKE
Source IP:  NETWORK
Ports:      []
Severity:   MEDIUM
========================================

========================================
SECURITY ALERT
========================================
Time:       2026-08-11 12:25:58
Type:       TRAFFIC SPIKE
Source IP:  NETWORK
Ports:      []
Severity:   MEDIUM
========================================

========================================
SECURITY ALERT
========================================
Time:       2026-08-11 12:25:58
Type:       TRAFFIC SPIKE
Source IP:  NETWORK
Ports:      []
Severity:   MEDIUM
========================================

========================================
SECURITY ALERT
========================================
Time:       2026-08-11 12:25:58
Type:       TRAFFIC SPIKE
Source IP:  NETWORK
Ports:      []
Severity:   MEDIUM
========================================

========================================
SECURITY ALERT
========================================
Time:       2026-08-11 12:25:58
Type:       TRAFFIC SPIKE
Source IP:  NETWORK
Ports:      []
Severity:   MEDIUM
========================================

========================================
SECURITY ALERT
========================================
Time:       2026-08-11 12:25:58
Type:       TRAFFIC SPIKE
Source IP:  NETWORK
Ports:      []
Severity:   MEDIUM
========================================

========================================
SECURITY ALERT
========================================
Time:       2026-08-11 12:25:58
Type:       TRAFFIC SPIKE
Source IP:  NETWORK
Ports:      []
Severity:   MEDIUM
========================================

========================================
SECURITY ALERT
========================================
Time:       2026-08-11 12:25:58
Type:       TRAFFIC SPIKE
Source IP:  NETWORK
Ports:      []
Severity:   MEDIUM
========================================

========================================
SECURITY ALERT
========================================
Time:       2026-08-11 12:25:58
Type:       TRAFFIC SPIKE
Source IP:  NETWORK
Ports:      []
Severity:   MEDIUM
========================================

========================================
SECURITY ALERT
========================================
Time:       2026-08-11 12:25:58
Type:       TRAFFIC SPIKE
Source IP:  NETWORK
Ports:      []
Severity:   MEDIUM
========================================

========================================
SECURITY ALERT
========================================
Time:       2026-08-11 12:25:58
Type:       TRAFFIC SPIKE
Source IP:  NETWORK
Ports:      []
Severity:   MEDIUM
========================================

========================================
SECURITY ALERT
========================================
Time:       2026-08-11 12:25:58
Type:       TRAFFIC SPIKE
Source IP:  NETWORK
Ports:      []
Severity:   MEDIUM
========================================

========================================
SECURITY ALERT
========================================
Time:       2026-08-11 12:25:58
Type:       TRAFFIC SPIKE
Source IP:  NETWORK
Ports:      []
Severity:   MEDIUM
========================================

========================================
SECURITY ALERT
========================================
Time:       2026-08-11 12:25:58
Type:       TRAFFIC SPIKE
Source IP:  NETWORK
Ports:      []
Severity:   MEDIUM
========================================

========================================
SECURITY ALERT
========================================
Time:       2026-08-11 12:25:58
Type:       TRAFFIC SPIKE
Source IP:  NETWORK
Ports:      []
Severity:   MEDIUM
========================================

========================================
SECURITY ALERT
========================================
Time:       2026-08-11 12:25:58
Type:       TRAFFIC SPIKE
Source IP:  NETWORK
Ports:      []
Severity:   MEDIUM
========================================

========================================
SECURITY ALERT
========================================
Time:       2026-08-11 12:25:58
Type:       TRAFFIC SPIKE
Source IP:  NETWORK
Ports:      []
Severity:   MEDIUM
========================================

========================================
SECURITY ALERT
========================================
Time:       2026-08-11 12:25:58
Type:       TRAFFIC SPIKE
Source IP:  NETWORK
Ports:      []
Severity:   MEDIUM
========================================

========================================
SECURITY ALERT
========================================
Time:       2026-08-11 12:25:59
Type:       TRAFFIC SPIKE
Source IP:  NETWORK
Ports:      []
Severity:   MEDIUM
========================================

========================================
SECURITY ALERT
========================================
Time:       2026-08-11 12:25:59
Type:       TRAFFIC SPIKE
Source IP:  NETWORK
Ports:      []
Severity:   MEDIUM
========================================

========================================
SECURITY ALERT
========================================
Time:       2026-08-11 12:25:59
Type:       TRAFFIC SPIKE
Source IP:  NETWORK
Ports:      []
Severity:   MEDIUM
========================================

========================================
SECURITY ALERT
========================================
Time:       2026-08-11 12:25:59
Type:       TRAFFIC SPIKE
Source IP:  NETWORK
Ports:      []
Severity:   MEDIUM
========================================

========================================
SECURITY ALERT
========================================
Time:       2026-08-11 12:25:59
Type:       TRAFFIC SPIKE
Source IP:  NETWORK
Ports:      []
Severity:   MEDIUM
========================================

========================================
SECURITY ALERT
========================================
Time:       2026-08-11 12:25:59
Type:       TRAFFIC SPIKE
Source IP:  NETWORK
Ports:      []
Severity:   MEDIUM
========================================

========================================
SECURITY ALERT
========================================
Time:       2026-08-11 12:25:59
Type:       TRAFFIC SPIKE
Source IP:  NETWORK
Ports:      []
Severity:   MEDIUM
========================================

========================================
SECURITY ALERT
========================================
Time:       2026-08-11 12:25:59
Type:       TRAFFIC SPIKE
Source IP:  NETWORK
Ports:      []
Severity:   MEDIUM
========================================

========================================
SECURITY ALERT
========================================
Time:       2026-08-11 12:25:59
Type:       TRAFFIC SPIKE
Source IP:  NETWORK
Ports:      []
Severity:   MEDIUM
========================================

========================================
SECURITY ALERT
========================================
Time:       2026-08-11 12:25:59
Type:       TRAFFIC SPIKE
Source IP:  NETWORK
Ports:      []
Severity:   MEDIUM
========================================

========================================
SECURITY ALERT
========================================
Time:       2026-08-11 12:25:59
Type:       TRAFFIC SPIKE
Source IP:  NETWORK
Ports:      []
Severity:   MEDIUM
========================================

========================================
SECURITY ALERT
========================================
Time:       2026-08-11 12:25:59
Type:       TRAFFIC SPIKE
Source IP:  NETWORK
Ports:      []
Severity:   MEDIUM
========================================

========================================
SECURITY ALERT
========================================
Time:       2026-08-11 12:25:59
Type:       TRAFFIC SPIKE
Source IP:  NETWORK
Ports:      []
Severity:   MEDIUM
========================================

========================================
SECURITY ALERT
========================================
Time:       2026-08-11 12:25:59
Type:       TRAFFIC SPIKE
Source IP:  NETWORK
Ports:      []
Severity:   MEDIUM
========================================

========================================
SECURITY ALERT
========================================
Time:       2026-08-11 12:25:59
Type:       TRAFFIC SPIKE
Source IP:  NETWORK
Ports:      []
Severity:   MEDIUM
========================================

========================================
SECURITY ALERT
========================================
Time:       2026-08-11 12:25:59
Type:       TRAFFIC SPIKE
Source IP:  NETWORK
Ports:      []
Severity:   MEDIUM
========================================

========================================
SECURITY ALERT
========================================
Time:       2026-08-11 12:25:59
Type:       TRAFFIC SPIKE
Source IP:  NETWORK
Ports:      []
Severity:   MEDIUM
========================================

========================================
SECURITY ALERT
========================================
Time:       2026-08-11 12:25:59
Type:       TRAFFIC SPIKE
Source IP:  NETWORK
Ports:      []
Severity:   MEDIUM
========================================

========================================
SECURITY ALERT
========================================
Time:       2026-08-11 12:25:59
Type:       TRAFFIC SPIKE
Source IP:  NETWORK
Ports:      []
Severity:   MEDIUM
========================================

========================================
SECURITY ALERT
========================================
Time:       2026-08-11 12:25:59
Type:       TRAFFIC SPIKE
Source IP:  NETWORK
Ports:      []
Severity:   MEDIUM
========================================

========================================
SECURITY ALERT
========================================
Time:       2026-08-11 12:25:59
Type:       TRAFFIC SPIKE
Source IP:  NETWORK
Ports:      []
Severity:   MEDIUM
========================================

========================================
SECURITY ALERT
========================================
Time:       2026-08-11 12:25:59
Type:       TRAFFIC SPIKE
Source IP:  NETWORK
Ports:      []
Severity:   MEDIUM
========================================

========================================
SECURITY ALERT
========================================
Time:       2026-08-11 12:25:59
Type:       TRAFFIC SPIKE
Source IP:  NETWORK
Ports:      []
Severity:   MEDIUM
========================================

========================================
SECURITY ALERT
========================================
Time:       2026-08-11 12:26:01
Type:       TRAFFIC SPIKE
Source IP:  NETWORK
Ports:      []
Severity:   MEDIUM
========================================

========================================
SECURITY ALERT
========================================
Time:       2026-08-11 12:26:01
Type:       TRAFFIC SPIKE
Source IP:  NETWORK
Ports:      []
Severity:   MEDIUM
========================================

========================================
SECURITY ALERT
========================================
Time:       2026-08-11 12:26:01
Type:       TRAFFIC SPIKE
Source IP:  NETWORK
Ports:      []
Severity:   MEDIUM
========================================

========================================
SECURITY ALERT
========================================
Time:       2026-08-11 12:26:01
Type:       TRAFFIC SPIKE
Source IP:  NETWORK
Ports:      []
Severity:   MEDIUM
========================================

========================================
SECURITY ALERT
========================================
Time:       2026-08-11 12:26:01
Type:       TRAFFIC SPIKE
Source IP:  NETWORK
Ports:      []
Severity:   MEDIUM
========================================

========================================
SECURITY ALERT
========================================
Time:       2026-08-11 12:26:01
Type:       TRAFFIC SPIKE
Source IP:  NETWORK
Ports:      []
Severity:   MEDIUM
========================================

========================================
SECURITY ALERT
========================================
Time:       2026-08-11 12:26:01
Type:       TRAFFIC SPIKE
Source IP:  NETWORK
Ports:      []
Severity:   MEDIUM
========================================

========================================
SECURITY ALERT
========================================
Time:       2026-08-11 12:26:01
Type:       TRAFFIC SPIKE
Source IP:  NETWORK
Ports:      []
Severity:   MEDIUM
========================================

========================================
SECURITY ALERT
========================================
Time:       2026-08-11 12:26:01
Type:       TRAFFIC SPIKE
Source IP:  NETWORK
Ports:      []
Severity:   MEDIUM
========================================

========================================
SECURITY ALERT
========================================
Time:       2026-08-11 12:26:01
Type:       TRAFFIC SPIKE
Source IP:  NETWORK
Ports:      []
Severity:   MEDIUM
========================================

========================================
SECURITY ALERT
========================================
Time:       2026-08-11 12:26:01
Type:       TRAFFIC SPIKE
Source IP:  NETWORK
Ports:      []
Severity:   MEDIUM
========================================

========================================
SECURITY ALERT
========================================
Time:       2026-08-11 12:26:01
Type:       TRAFFIC SPIKE
Source IP:  NETWORK
Ports:      []
Severity:   MEDIUM
========================================

========================================
SECURITY ALERT
========================================
Time:       2026-08-11 12:26:01
Type:       TRAFFIC SPIKE
Source IP:  NETWORK
Ports:      []
Severity:   MEDIUM
========================================

========================================
SECURITY ALERT
========================================
Time:       2026-08-11 12:26:01
Type:       TRAFFIC SPIKE
Source IP:  NETWORK
Ports:      []
Severity:   MEDIUM
========================================

========================================
SECURITY ALERT
========================================
Time:       2026-08-11 12:26:01
Type:       TRAFFIC SPIKE
Source IP:  NETWORK
Ports:      []
Severity:   MEDIUM
========================================

========================================
SECURITY ALERT
========================================
Time:       2026-08-11 12:26:02
Type:       TRAFFIC SPIKE
Source IP:  NETWORK
Ports:      []
Severity:   MEDIUM
========================================

========================================
SECURITY ALERT
========================================
Time:       2026-08-11 12:26:02
Type:       TRAFFIC SPIKE
Source IP:  NETWORK
Ports:      []
Severity:   MEDIUM
========================================

========================================
SECURITY ALERT
========================================
Time:       2026-08-11 12:26:02
Type:       TRAFFIC SPIKE
Source IP:  NETWORK
Ports:      []
Severity:   MEDIUM
========================================

========================================
SECURITY ALERT
========================================
Time:       2026-08-11 12:26:02
Type:       TRAFFIC SPIKE
Source IP:  NETWORK
Ports:      []
Severity:   MEDIUM
========================================

========================================
SECURITY ALERT
========================================
Time:       2026-08-11 12:26:02
Type:       TRAFFIC SPIKE
Source IP:  NETWORK
Ports:      []
Severity:   MEDIUM
========================================

========================================
SECURITY ALERT
========================================
Time:       2026-08-11 12:26:02
Type:       TRAFFIC SPIKE
Source IP:  NETWORK
Ports:      []
Severity:   MEDIUM
========================================

========================================
SECURITY ALERT
========================================
Time:       2026-08-11 12:26:02
Type:       TRAFFIC SPIKE
Source IP:  NETWORK
Ports:      []
Severity:   MEDIUM
========================================

========================================
SECURITY ALERT
========================================
Time:       2026-08-11 12:26:02
Type:       TRAFFIC SPIKE
Source IP:  NETWORK
Ports:      []
Severity:   MEDIUM
========================================

========================================
SECURITY ALERT
========================================
Time:       2026-08-11 12:26:02
Type:       TRAFFIC SPIKE
Source IP:  NETWORK
Ports:      []
Severity:   MEDIUM
========================================

========================================
SECURITY ALERT
========================================
Time:       2026-08-11 12:26:02
Type:       TRAFFIC SPIKE
Source IP:  NETWORK
Ports:      []
Severity:   MEDIUM
========================================

========================================
SECURITY ALERT
========================================
Time:       2026-08-11 12:26:02
Type:       TRAFFIC SPIKE
Source IP:  NETWORK
Ports:      []
Severity:   MEDIUM
========================================

========================================
SECURITY ALERT
========================================
Time:       2026-08-11 12:26:02
Type:       TRAFFIC SPIKE
Source IP:  NETWORK
Ports:      []
Severity:   MEDIUM
========================================

========================================
SECURITY ALERT
========================================
Time:       2026-08-11 12:26:02
Type:       TRAFFIC SPIKE
Source IP:  NETWORK
Ports:      []
Severity:   MEDIUM
========================================

========================================
SECURITY ALERT
========================================
Time:       2026-08-11 12:26:02
Type:       TRAFFIC SPIKE
Source IP:  NETWORK
Ports:      []
Severity:   MEDIUM
========================================

========================================
SECURITY ALERT
========================================
Time:       2026-08-11 12:26:02
Type:       TRAFFIC SPIKE
Source IP:  NETWORK
Ports:      []
Severity:   MEDIUM
========================================

========================================
SECURITY ALERT
========================================
Time:       2026-08-11 12:26:02
Type:       TRAFFIC SPIKE
Source IP:  NETWORK
Ports:      []
Severity:   MEDIUM
========================================

========================================
SECURITY ALERT
========================================
Time:       2026-08-11 12:26:02
Type:       TRAFFIC SPIKE
Source IP:  NETWORK
Ports:      []
Severity:   MEDIUM
========================================

========================================
SECURITY ALERT
========================================
Time:       2026-08-11 12:26:02
Type:       TRAFFIC SPIKE
Source IP:  NETWORK
Ports:      []
Severity:   MEDIUM
========================================

========================================
SECURITY ALERT
========================================
Time:       2026-08-11 12:26:02
Type:       TRAFFIC SPIKE
Source IP:  NETWORK
Ports:      []
Severity:   MEDIUM
========================================

========================================
SECURITY ALERT
========================================
Time:       2026-08-11 12:26:02
Type:       TRAFFIC SPIKE
Source IP:  NETWORK
Ports:      []
Severity:   MEDIUM
========================================

========================================
SECURITY ALERT
========================================
Time:       2026-08-11 12:26:02
Type:       TRAFFIC SPIKE
Source IP:  NETWORK
Ports:      []
Severity:   MEDIUM
========================================

========================================
SECURITY ALERT
========================================
Time:       2026-08-11 12:26:02
Type:       TRAFFIC SPIKE
Source IP:  NETWORK
Ports:      []
Severity:   MEDIUM
========================================

========================================
SECURITY ALERT
========================================
Time:       2026-08-11 12:26:02
Type:       TRAFFIC SPIKE
Source IP:  NETWORK
Ports:      []
Severity:   MEDIUM
========================================

========================================
SECURITY ALERT
========================================
Time:       2026-08-11 12:26:02
Type:       TRAFFIC SPIKE
Source IP:  NETWORK
Ports:      []
Severity:   MEDIUM
========================================

========================================
SECURITY ALERT
========================================
Time:       2026-08-11 12:26:02
Type:       TRAFFIC SPIKE
Source IP:  NETWORK
Ports:      []
Severity:   MEDIUM
========================================

========================================
SECURITY ALERT
========================================
Time:       2026-08-11 12:26:02
Type:       TRAFFIC SPIKE
Source IP:  NETWORK
Ports:      []
Severity:   MEDIUM
========================================

========================================
SECURITY ALERT
========================================
Time:       2026-08-11 12:26:02
Type:       TRAFFIC SPIKE
Source IP:  NETWORK
Ports:      []
Severity:   MEDIUM
========================================

========================================
SECURITY ALERT
========================================
Time:       2026-08-11 12:26:02
Type:       TRAFFIC SPIKE
Source IP:  NETWORK
Ports:      []
Severity:   MEDIUM
========================================

========================================
SECURITY ALERT
========================================
Time:       2026-08-11 12:26:02
Type:       TRAFFIC SPIKE
Source IP:  NETWORK
Ports:      []
Severity:   MEDIUM
========================================

========================================
SECURITY ALERT
========================================
Time:       2026-08-11 12:26:02
Type:       TRAFFIC SPIKE
Source IP:  NETWORK
Ports:      []
Severity:   MEDIUM
========================================

========================================
SECURITY ALERT
========================================
Time:       2026-08-11 12:26:03
Type:       TRAFFIC SPIKE
Source IP:  NETWORK
Ports:      []
Severity:   MEDIUM
========================================

========================================
SECURITY ALERT
========================================
Time:       2026-08-11 12:26:03
Type:       TRAFFIC SPIKE
Source IP:  NETWORK
Ports:      []
Severity:   MEDIUM
========================================

========================================
SECURITY ALERT
========================================
Time:       2026-08-11 12:26:03
Type:       TRAFFIC SPIKE
Source IP:  NETWORK
Ports:      []
Severity:   MEDIUM
========================================

========================================
SECURITY ALERT
========================================
Time:       2026-08-11 12:26:03
Type:       TRAFFIC SPIKE
Source IP:  NETWORK
Ports:      []
Severity:   MEDIUM
========================================

========================================
SECURITY ALERT
========================================
Time:       2026-08-11 12:26:03
Type:       TRAFFIC SPIKE
Source IP:  NETWORK
Ports:      []
Severity:   MEDIUM
========================================

========================================
SECURITY ALERT
========================================
Time:       2026-08-11 12:26:06
Type:       TRAFFIC SPIKE
Source IP:  NETWORK
Ports:      []
Severity:   MEDIUM
========================================

========================================
SECURITY ALERT
========================================
Time:       2026-08-11 12:26:06
Type:       TRAFFIC SPIKE
Source IP:  NETWORK
Ports:      []
Severity:   MEDIUM
========================================

========================================
SECURITY ALERT
========================================
Time:       2026-08-11 12:26:06
Type:       TRAFFIC SPIKE
Source IP:  NETWORK
Ports:      []
Severity:   MEDIUM
========================================

========================================
SECURITY ALERT
========================================
Time:       2026-08-11 12:26:06
Type:       TRAFFIC SPIKE
Source IP:  NETWORK
Ports:      []
Severity:   MEDIUM
========================================

========================================
SECURITY ALERT
========================================
Time:       2026-08-11 12:26:06
Type:       TRAFFIC SPIKE
Source IP:  NETWORK
Ports:      []
Severity:   MEDIUM
========================================

========================================
SECURITY ALERT
========================================
Time:       2026-08-11 12:26:07
Type:       TRAFFIC SPIKE
Source IP:  NETWORK
Ports:      []
Severity:   MEDIUM
========================================

========================================
SECURITY ALERT
========================================
Time:       2026-08-11 12:26:07
Type:       TRAFFIC SPIKE
Source IP:  NETWORK
Ports:      []
Severity:   MEDIUM
========================================

========================================
SECURITY ALERT
========================================
Time:       2026-08-11 12:26:07
Type:       TRAFFIC SPIKE
Source IP:  NETWORK
Ports:      []
Severity:   MEDIUM
========================================

========================================
SECURITY ALERT
========================================
Time:       2026-08-11 12:26:07
Type:       TRAFFIC SPIKE
Source IP:  NETWORK
Ports:      []
Severity:   MEDIUM
========================================

========================================
SECURITY ALERT
========================================
Time:       2026-08-11 12:26:07
Type:       TRAFFIC SPIKE
Source IP:  NETWORK
Ports:      []
Severity:   MEDIUM
========================================

========================================
SECURITY ALERT
========================================
Time:       2026-08-11 12:26:07
Type:       TRAFFIC SPIKE
Source IP:  NETWORK
Ports:      []
Severity:   MEDIUM
========================================

========================================
SECURITY ALERT
========================================
Time:       2026-08-11 12:26:07
Type:       TRAFFIC SPIKE
Source IP:  NETWORK
Ports:      []
Severity:   MEDIUM
========================================

========================================
SECURITY ALERT
========================================
Time:       2026-08-11 12:26:07
Type:       TRAFFIC SPIKE
Source IP:  NETWORK
Ports:      []
Severity:   MEDIUM
========================================

========================================
SECURITY ALERT
========================================
Time:       2026-08-11 12:26:07
Type:       TRAFFIC SPIKE
Source IP:  NETWORK
Ports:      []
Severity:   MEDIUM
========================================

========================================
SECURITY ALERT
========================================
Time:       2026-08-11 12:26:07
Type:       TRAFFIC SPIKE
Source IP:  NETWORK
Ports:      []
Severity:   MEDIUM
========================================

========================================
SECURITY ALERT
========================================
Time:       2026-08-11 12:26:07
Type:       TRAFFIC SPIKE
Source IP:  NETWORK
Ports:      []
Severity:   MEDIUM
========================================

========================================
SECURITY ALERT
========================================
Time:       2026-08-11 12:26:07
Type:       TRAFFIC SPIKE
Source IP:  NETWORK
Ports:      []
Severity:   MEDIUM
========================================

========================================
SECURITY ALERT
========================================
Time:       2026-08-11 12:26:07
Type:       TRAFFIC SPIKE
Source IP:  NETWORK
Ports:      []
Severity:   MEDIUM
========================================

========================================
SECURITY ALERT
========================================
Time:       2026-08-11 12:26:07
Type:       TRAFFIC SPIKE
Source IP:  NETWORK
Ports:      []
Severity:   MEDIUM
========================================

========================================
SECURITY ALERT
========================================
Time:       2026-08-11 12:26:07
Type:       TRAFFIC SPIKE
Source IP:  NETWORK
Ports:      []
Severity:   MEDIUM
========================================

========================================
SECURITY ALERT
========================================
Time:       2026-08-11 12:26:07
Type:       TRAFFIC SPIKE
Source IP:  NETWORK
Ports:      []
Severity:   MEDIUM
========================================

========================================
SECURITY ALERT
========================================
Time:       2026-08-11 12:26:07
Type:       TRAFFIC SPIKE
Source IP:  NETWORK
Ports:      []
Severity:   MEDIUM
========================================

========================================
SECURITY ALERT
========================================
Time:       2026-08-11 12:26:07
Type:       TRAFFIC SPIKE
Source IP:  NETWORK
Ports:      []
Severity:   MEDIUM
========================================

========================================
SECURITY ALERT
========================================
Time:       2026-08-11 12:26:07
Type:       TRAFFIC SPIKE
Source IP:  NETWORK
Ports:      []
Severity:   MEDIUM
========================================

========================================
SECURITY ALERT
========================================
Time:       2026-08-11 12:26:07
Type:       TRAFFIC SPIKE
Source IP:  NETWORK
Ports:      []
Severity:   MEDIUM
========================================

========================================
SECURITY ALERT
========================================
Time:       2026-08-11 12:26:07
Type:       TRAFFIC SPIKE
Source IP:  NETWORK
Ports:      []
Severity:   MEDIUM
========================================

========================================
SECURITY ALERT
========================================
Time:       2026-08-11 12:26:07
Type:       TRAFFIC SPIKE
Source IP:  NETWORK
Ports:      []
Severity:   MEDIUM
========================================

========================================
SECURITY ALERT
========================================
Time:       2026-08-11 12:26:07
Type:       TRAFFIC SPIKE
Source IP:  NETWORK
Ports:      []
Severity:   MEDIUM
========================================

========================================
SECURITY ALERT
========================================
Time:       2026-08-11 12:26:07
Type:       TRAFFIC SPIKE
Source IP:  NETWORK
Ports:      []
Severity:   MEDIUM
========================================

========================================
SECURITY ALERT
========================================
Time:       2026-08-11 12:26:07
Type:       TRAFFIC SPIKE
Source IP:  NETWORK
Ports:      []
Severity:   MEDIUM
========================================

========================================
SECURITY ALERT
========================================
Time:       2026-08-11 12:26:07
Type:       TRAFFIC SPIKE
Source IP:  NETWORK
Ports:      []
Severity:   MEDIUM
========================================

========================================
SECURITY ALERT
========================================
Time:       2026-08-11 12:26:07
Type:       TRAFFIC SPIKE
Source IP:  NETWORK
Ports:      []
Severity:   MEDIUM
========================================

========================================
SECURITY ALERT
========================================
Time:       2026-08-11 12:26:07
Type:       TRAFFIC SPIKE
Source IP:  NETWORK
Ports:      []
Severity:   MEDIUM
========================================

========================================
SECURITY ALERT
========================================
Time:       2026-08-11 12:26:07
Type:       TRAFFIC SPIKE
Source IP:  NETWORK
Ports:      []
Severity:   MEDIUM
========================================

========================================
SECURITY ALERT
========================================
Time:       2026-08-11 12:26:07
Type:       TRAFFIC SPIKE
Source IP:  NETWORK
Ports:      []
Severity:   MEDIUM
========================================

========================================
SECURITY ALERT
========================================
Time:       2026-08-11 12:26:08
Type:       TRAFFIC SPIKE
Source IP:  NETWORK
Ports:      []
Severity:   MEDIUM
========================================

========================================
SECURITY ALERT
========================================
Time:       2026-08-11 12:26:09
Type:       TRAFFIC SPIKE
Source IP:  NETWORK
Ports:      []
Severity:   MEDIUM
========================================

========================================
SECURITY ALERT
========================================
Time:       2026-08-11 12:26:09
Type:       TRAFFIC SPIKE
Source IP:  NETWORK
Ports:      []
Severity:   MEDIUM
========================================

========================================
SECURITY ALERT
========================================
Time:       2026-08-11 12:26:09
Type:       TRAFFIC SPIKE
Source IP:  NETWORK
Ports:      []
Severity:   MEDIUM
========================================

========================================
SECURITY ALERT
========================================
Time:       2026-08-11 12:26:09
Type:       TRAFFIC SPIKE
Source IP:  NETWORK
Ports:      []
Severity:   MEDIUM
========================================

========================================
SECURITY ALERT
========================================
Time:       2026-08-11 12:26:09
Type:       TRAFFIC SPIKE
Source IP:  NETWORK
Ports:      []
Severity:   MEDIUM
========================================

========================================
SECURITY ALERT
========================================
Time:       2026-08-11 12:26:09
Type:       TRAFFIC SPIKE
Source IP:  NETWORK
Ports:      []
Severity:   MEDIUM
========================================

========================================
SECURITY ALERT
========================================
Time:       2026-08-11 12:26:09
Type:       TRAFFIC SPIKE
Source IP:  NETWORK
Ports:      []
Severity:   MEDIUM
========================================

========================================
SECURITY ALERT
========================================
Time:       2026-08-11 12:26:09
Type:       TRAFFIC SPIKE
Source IP:  NETWORK
Ports:      []
Severity:   MEDIUM
========================================

========================================
SECURITY ALERT
========================================
Time:       2026-08-11 12:26:10
Type:       TRAFFIC SPIKE
Source IP:  NETWORK
Ports:      []
Severity:   MEDIUM
========================================

========================================
SECURITY ALERT
========================================
Time:       2026-08-11 12:26:10
Type:       TRAFFIC SPIKE
Source IP:  NETWORK
Ports:      []
Severity:   MEDIUM
========================================

========================================
SECURITY ALERT
========================================
Time:       2026-08-11 12:26:10
Type:       TRAFFIC SPIKE
Source IP:  NETWORK
Ports:      []
Severity:   MEDIUM
========================================

========================================
SECURITY ALERT
========================================
Time:       2026-08-11 12:26:10
Type:       TRAFFIC SPIKE
Source IP:  NETWORK
Ports:      []
Severity:   MEDIUM
========================================

========================================
SECURITY ALERT
========================================
Time:       2026-08-11 12:26:10
Type:       TRAFFIC SPIKE
Source IP:  NETWORK
Ports:      []
Severity:   MEDIUM
========================================

========================================
SECURITY ALERT
========================================
Time:       2026-08-11 12:26:10
Type:       TRAFFIC SPIKE
Source IP:  NETWORK
Ports:      []
Severity:   MEDIUM
========================================

========================================
SECURITY ALERT
========================================
Time:       2026-08-11 12:26:10
Type:       TRAFFIC SPIKE
Source IP:  NETWORK
Ports:      []
Severity:   MEDIUM
========================================

========================================
SECURITY ALERT
========================================
Time:       2026-08-11 12:26:11
Type:       TRAFFIC SPIKE
Source IP:  NETWORK
Ports:      []
Severity:   MEDIUM
========================================

========================================
SECURITY ALERT
========================================
Time:       2026-08-11 12:26:11
Type:       TRAFFIC SPIKE
Source IP:  NETWORK
Ports:      []
Severity:   MEDIUM
========================================

========================================
SECURITY ALERT
========================================
Time:       2026-08-11 12:26:11
Type:       TRAFFIC SPIKE
Source IP:  NETWORK
Ports:      []
Severity:   MEDIUM
========================================

========================================
SECURITY ALERT
========================================
Time:       2026-08-11 12:26:11
Type:       TRAFFIC SPIKE
Source IP:  NETWORK
Ports:      []
Severity:   MEDIUM
========================================

========================================
SECURITY ALERT
========================================
Time:       2026-08-11 12:26:11
Type:       TRAFFIC SPIKE
Source IP:  NETWORK
Ports:      []
Severity:   MEDIUM
========================================

========================================
SECURITY ALERT
========================================
Time:       2026-08-11 12:26:11
Type:       TRAFFIC SPIKE
Source IP:  NETWORK
Ports:      []
Severity:   MEDIUM
========================================

========================================
SECURITY ALERT
========================================
Time:       2026-08-11 12:26:11
Type:       TRAFFIC SPIKE
Source IP:  NETWORK
Ports:      []
Severity:   MEDIUM
========================================

========================================
SECURITY ALERT
========================================
Time:       2026-08-11 12:26:11
Type:       TRAFFIC SPIKE
Source IP:  NETWORK
Ports:      []
Severity:   MEDIUM
========================================

========================================
SECURITY ALERT
========================================
Time:       2026-08-11 12:26:11
Type:       TRAFFIC SPIKE
Source IP:  NETWORK
Ports:      []
Severity:   MEDIUM
========================================

========================================
SECURITY ALERT
========================================
Time:       2026-08-11 12:26:11
Type:       TRAFFIC SPIKE
Source IP:  NETWORK
Ports:      []
Severity:   MEDIUM
========================================

========================================
SECURITY ALERT
========================================
Time:       2026-08-11 12:26:11
Type:       TRAFFIC SPIKE
Source IP:  NETWORK
Ports:      []
Severity:   MEDIUM
========================================

========================================
SECURITY ALERT
========================================
Time:       2026-08-11 12:26:11
Type:       TRAFFIC SPIKE
Source IP:  NETWORK
Ports:      []
Severity:   MEDIUM
========================================

========================================
SECURITY ALERT
========================================
Time:       2026-08-11 12:26:11
Type:       TRAFFIC SPIKE
Source IP:  NETWORK
Ports:      []
Severity:   MEDIUM
========================================

========================================
SECURITY ALERT
========================================
Time:       2026-08-11 12:26:12
Type:       TRAFFIC SPIKE
Source IP:  NETWORK
Ports:      []
Severity:   MEDIUM
========================================

========================================
SECURITY ALERT
========================================
Time:       2026-08-11 12:26:12
Type:       TRAFFIC SPIKE
Source IP:  NETWORK
Ports:      []
Severity:   MEDIUM
========================================

========================================
SECURITY ALERT
========================================
Time:       2026-08-11 12:26:14
Type:       TRAFFIC SPIKE
Source IP:  NETWORK
Ports:      []
Severity:   MEDIUM
========================================

========================================
SECURITY ALERT
========================================
Time:       2026-08-11 12:26:14
Type:       TRAFFIC SPIKE
Source IP:  NETWORK
Ports:      []
Severity:   MEDIUM
========================================

========================================
SECURITY ALERT
========================================
Time:       2026-08-11 12:26:14
Type:       TRAFFIC SPIKE
Source IP:  NETWORK
Ports:      []
Severity:   MEDIUM
========================================

========================================
SECURITY ALERT
========================================
Time:       2026-08-11 12:26:14
Type:       TRAFFIC SPIKE
Source IP:  NETWORK
Ports:      []
Severity:   MEDIUM
========================================

========================================
SECURITY ALERT
========================================
Time:       2026-08-11 12:26:14
Type:       TRAFFIC SPIKE
Source IP:  NETWORK
Ports:      []
Severity:   MEDIUM
========================================

========================================
SECURITY ALERT
========================================
Time:       2026-08-11 12:26:14
Type:       TRAFFIC SPIKE
Source IP:  NETWORK
Ports:      []
Severity:   MEDIUM
========================================

========================================
SECURITY ALERT
========================================
Time:       2026-08-11 12:26:14
Type:       TRAFFIC SPIKE
Source IP:  NETWORK
Ports:      []
Severity:   MEDIUM
========================================

========================================
SECURITY ALERT
========================================
Time:       2026-08-11 12:26:14
Type:       TRAFFIC SPIKE
Source IP:  NETWORK
Ports:      []
Severity:   MEDIUM
========================================

========================================
SECURITY ALERT
========================================
Time:       2026-08-11 12:26:14
Type:       TRAFFIC SPIKE
Source IP:  NETWORK
Ports:      []
Severity:   MEDIUM
========================================

========================================
SECURITY ALERT
========================================
Time:       2026-08-11 12:26:14
Type:       TRAFFIC SPIKE
Source IP:  NETWORK
Ports:      []
Severity:   MEDIUM
========================================

========================================
SECURITY ALERT
========================================
Time:       2026-08-11 12:26:14
Type:       TRAFFIC SPIKE
Source IP:  NETWORK
Ports:      []
Severity:   MEDIUM
========================================

========================================
SECURITY ALERT
========================================
Time:       2026-08-11 12:26:14
Type:       TRAFFIC SPIKE
Source IP:  NETWORK
Ports:      []
Severity:   MEDIUM
========================================

========================================
SECURITY ALERT
========================================
Time:       2026-08-11 12:26:14
Type:       TRAFFIC SPIKE
Source IP:  NETWORK
Ports:      []
Severity:   MEDIUM
========================================

========================================
SECURITY ALERT
========================================
Time:       2026-08-11 12:26:14
Type:       TRAFFIC SPIKE
Source IP:  NETWORK
Ports:      []
Severity:   MEDIUM
========================================

========================================
SECURITY ALERT
========================================
Time:       2026-08-11 12:26:14
Type:       TRAFFIC SPIKE
Source IP:  NETWORK
Ports:      []
Severity:   MEDIUM
========================================

========================================
SECURITY ALERT
========================================
Time:       2026-08-11 12:26:14
Type:       TRAFFIC SPIKE
Source IP:  NETWORK
Ports:      []
Severity:   MEDIUM
========================================

========================================
SECURITY ALERT
========================================
Time:       2026-08-11 12:26:14
Type:       TRAFFIC SPIKE
Source IP:  NETWORK
Ports:      []
Severity:   MEDIUM
========================================

========================================
SECURITY ALERT
========================================
Time:       2026-08-11 12:26:15
Type:       TRAFFIC SPIKE
Source IP:  NETWORK
Ports:      []
Severity:   MEDIUM
========================================

========================================
SECURITY ALERT
========================================
Time:       2026-08-11 12:26:15
Type:       TRAFFIC SPIKE
Source IP:  NETWORK
Ports:      []
Severity:   MEDIUM
========================================

========================================
SECURITY ALERT
========================================
Time:       2026-08-11 12:26:16
Type:       TRAFFIC SPIKE
Source IP:  NETWORK
Ports:      []
Severity:   MEDIUM
========================================

========================================
SECURITY ALERT
========================================
Time:       2026-08-11 12:26:16
Type:       TRAFFIC SPIKE
Source IP:  NETWORK
Ports:      []
Severity:   MEDIUM
========================================

========================================
SECURITY ALERT
========================================
Time:       2026-08-11 12:26:16
Type:       TRAFFIC SPIKE
Source IP:  NETWORK
Ports:      []
Severity:   MEDIUM
========================================

========================================
SECURITY ALERT
========================================
Time:       2026-08-11 12:26:16
Type:       TRAFFIC SPIKE
Source IP:  NETWORK
Ports:      []
Severity:   MEDIUM
========================================

========================================
SECURITY ALERT
========================================
Time:       2026-08-11 12:26:16
Type:       TRAFFIC SPIKE
Source IP:  NETWORK
Ports:      []
Severity:   MEDIUM
========================================

========================================
SECURITY ALERT
========================================
Time:       2026-08-11 12:26:16
Type:       TRAFFIC SPIKE
Source IP:  NETWORK
Ports:      []
Severity:   MEDIUM
========================================

========================================
SECURITY ALERT
========================================
Time:       2026-08-11 12:26:16
Type:       TRAFFIC SPIKE
Source IP:  NETWORK
Ports:      []
Severity:   MEDIUM
========================================

========================================
SECURITY ALERT
========================================
Time:       2026-08-11 12:26:16
Type:       TRAFFIC SPIKE
Source IP:  NETWORK
Ports:      []
Severity:   MEDIUM
========================================

========================================
SECURITY ALERT
========================================
Time:       2026-08-11 12:26:16
Type:       TRAFFIC SPIKE
Source IP:  NETWORK
Ports:      []
Severity:   MEDIUM
========================================

========================================
SECURITY ALERT
========================================
Time:       2026-08-11 12:26:16
Type:       TRAFFIC SPIKE
Source IP:  NETWORK
Ports:      []
Severity:   MEDIUM
========================================

========================================
SECURITY ALERT
========================================
Time:       2026-08-11 12:26:17
Type:       TRAFFIC SPIKE
Source IP:  NETWORK
Ports:      []
Severity:   MEDIUM
========================================

========================================
SECURITY ALERT
========================================
Time:       2026-08-11 12:26:18
Type:       TRAFFIC SPIKE
Source IP:  NETWORK
Ports:      []
Severity:   MEDIUM
========================================

========================================
SECURITY ALERT
========================================
Time:       2026-08-11 12:26:18
Type:       TRAFFIC SPIKE
Source IP:  NETWORK
Ports:      []
Severity:   MEDIUM
========================================

========================================
SECURITY ALERT
========================================
Time:       2026-08-11 12:26:18
Type:       TRAFFIC SPIKE
Source IP:  NETWORK
Ports:      []
Severity:   MEDIUM
========================================

========================================
SECURITY ALERT
========================================
Time:       2026-08-11 12:26:19
Type:       TRAFFIC SPIKE
Source IP:  NETWORK
Ports:      []
Severity:   MEDIUM
========================================

========================================
SECURITY ALERT
========================================
Time:       2026-08-11 12:26:19
Type:       TRAFFIC SPIKE
Source IP:  NETWORK
Ports:      []
Severity:   MEDIUM
========================================

========================================
SECURITY ALERT
========================================
Time:       2026-08-11 12:26:19
Type:       TRAFFIC SPIKE
Source IP:  NETWORK
Ports:      []
Severity:   MEDIUM
========================================

========================================
SECURITY ALERT
========================================
Time:       2026-08-11 12:26:19
Type:       TRAFFIC SPIKE
Source IP:  NETWORK
Ports:      []
Severity:   MEDIUM
========================================

========================================
SECURITY ALERT
========================================
Time:       2026-08-11 12:26:19
Type:       TRAFFIC SPIKE
Source IP:  NETWORK
Ports:      []
Severity:   MEDIUM
========================================

========================================
SECURITY ALERT
========================================
Time:       2026-08-11 12:26:19
Type:       TRAFFIC SPIKE
Source IP:  NETWORK
Ports:      []
Severity:   MEDIUM
========================================

========================================
SECURITY ALERT
========================================
Time:       2026-08-11 12:26:19
Type:       TRAFFIC SPIKE
Source IP:  NETWORK
Ports:      []
Severity:   MEDIUM
========================================

========================================
SECURITY ALERT
========================================
Time:       2026-08-11 12:26:19
Type:       TRAFFIC SPIKE
Source IP:  NETWORK
Ports:      []
Severity:   MEDIUM
========================================

========================================
SECURITY ALERT
========================================
Time:       2026-08-11 12:26:19
Type:       TRAFFIC SPIKE
Source IP:  NETWORK
Ports:      []
Severity:   MEDIUM
========================================

========================================
SECURITY ALERT
========================================
Time:       2026-08-11 12:26:19
Type:       TRAFFIC SPIKE
Source IP:  NETWORK
Ports:      []
Severity:   MEDIUM
========================================

========================================
SECURITY ALERT
========================================
Time:       2026-08-11 12:26:19
Type:       TRAFFIC SPIKE
Source IP:  NETWORK
Ports:      []
Severity:   MEDIUM
========================================

========================================
SECURITY ALERT
========================================
Time:       2026-08-11 12:26:19
Type:       TRAFFIC SPIKE
Source IP:  NETWORK
Ports:      []
Severity:   MEDIUM
========================================

========================================
SECURITY ALERT
========================================
Time:       2026-08-11 12:26:19
Type:       TRAFFIC SPIKE
Source IP:  NETWORK
Ports:      []
Severity:   MEDIUM
========================================

========================================
SECURITY ALERT
========================================
Time:       2026-08-11 12:26:19
Type:       TRAFFIC SPIKE
Source IP:  NETWORK
Ports:      []
Severity:   MEDIUM
========================================

========================================
SECURITY ALERT
========================================
Time:       2026-08-11 12:26:19
Type:       TRAFFIC SPIKE
Source IP:  NETWORK
Ports:      []
Severity:   MEDIUM
========================================

========================================
SECURITY ALERT
========================================
Time:       2026-08-11 12:26:19
Type:       TRAFFIC SPIKE
Source IP:  NETWORK
Ports:      []
Severity:   MEDIUM
========================================

========================================
SECURITY ALERT
========================================
Time:       2026-08-11 12:26:19
Type:       TRAFFIC SPIKE
Source IP:  NETWORK
Ports:      []
Severity:   MEDIUM
========================================

========================================
SECURITY ALERT
========================================
Time:       2026-08-11 12:29:16
Type:       TRAFFIC SPIKE
Source IP:  NETWORK
Ports:      []
Severity:   MEDIUM
========================================

========================================
SECURITY ALERT
========================================
Time:       2026-08-11 12:29:47
Type:       TRAFFIC SPIKE
Source IP:  NETWORK
Ports:      []
Severity:   MEDIUM
========================================

========================================
SECURITY ALERT
========================================
Time:       2026-08-11 12:30:02
Type:       PORT SCAN
Source IP:  10.94.18.183
Ports:      [50018, 51622, 51989, 52625, 53911, 58176, 61729, 64103, 64351, 64681]
Severity:   HIGH
========================================

========================================
SECURITY ALERT
========================================
Time:       2026-08-11 12:30:19
Type:       TRAFFIC SPIKE
Source IP:  NETWORK
Ports:      []
Severity:   MEDIUM
========================================

========================================
SECURITY ALERT
========================================
Time:       2026-08-11 12:31:20
Type:       TRAFFIC SPIKE
Source IP:  NETWORK
Ports:      []
Severity:   MEDIUM
========================================

========================================
SECURITY ALERT
========================================
Time:       2026-08-11 12:32:00
Type:       TRAFFIC SPIKE
Source IP:  NETWORK
Ports:      []
Severity:   MEDIUM
========================================

========================================
SECURITY ALERT
========================================
Time:       2026-08-11 12:32:31
Type:       TRAFFIC SPIKE
Source IP:  NETWORK
Ports:      []
Severity:   MEDIUM
========================================

========================================
SECURITY ALERT
========================================
Time:       2026-08-11 21:01:56
Type:       TRAFFIC SPIKE
Source IP:  NETWORK
Ports:      []
Severity:   MEDIUM
========================================

========================================
SECURITY ALERT
========================================
Time:       2026-08-11 21:03:18
Type:       TRAFFIC SPIKE
Source IP:  NETWORK
Ports:      []
Severity:   MEDIUM
========================================

========================================
SECURITY ALERT
========================================
Time:       2026-08-11 21:03:42
Type:       PORT SCAN
Source IP:  10.94.18.183
Ports:      [5353, 56480, 57560, 60015, 60608, 62802, 63089, 63800, 64036, 65179]
Severity:   HIGH
========================================

========================================
SECURITY ALERT
========================================
Time:       2026-08-11 21:04:08
Type:       TRAFFIC SPIKE
Source IP:  NETWORK
Ports:      []
Severity:   MEDIUM
========================================

========================================
SECURITY ALERT
========================================
Time:       2026-08-11 21:04:14
Type:       PORT SCAN
Source IP:  10.94.18.183
Ports:      [5353, 49664, 54926, 55998, 58378, 58876, 59413, 60720, 62162, 63313]
Severity:   HIGH
========================================

========================================
SECURITY ALERT
========================================
Time:       2026-08-11 21:05:11
Type:       TRAFFIC SPIKE
Source IP:  NETWORK
Ports:      []
Severity:   MEDIUM
========================================

========================================
SECURITY ALERT
========================================
Time:       2026-08-11 21:05:44
Type:       TRAFFIC SPIKE
Source IP:  NETWORK
Ports:      []
Severity:   MEDIUM
========================================

========================================
SECURITY ALERT
========================================
Time:       2026-08-11 21:05:59
Type:       PORT SCAN
Source IP:  10.94.18.183
Ports:      [5353, 49196, 51783, 52106, 52888, 54686, 55706, 58606, 58607, 63895]
Severity:   HIGH
========================================

========================================
SECURITY ALERT
========================================
Time:       2026-08-11 21:06:32
Type:       TRAFFIC SPIKE
Source IP:  NETWORK
Ports:      []
Severity:   MEDIUM
========================================

========================================
SECURITY ALERT
========================================
Time:       2026-08-11 21:06:44
Type:       PORT SCAN
Source IP:  10.94.18.183
Ports:      [51363, 51544, 54291, 54816, 55452, 57549, 58429, 60460, 62571, 63317]
Severity:   HIGH
========================================

========================================
SECURITY ALERT
========================================
Time:       2026-08-11 21:07:45
Type:       PORT SCAN
Source IP:  10.94.18.183
Ports:      [50184, 50467, 51850, 54684, 56361, 56427, 57663, 60316, 63964, 64113]
Severity:   HIGH
========================================

========================================
SECURITY ALERT
========================================
Time:       2026-08-11 21:08:15
Type:       PORT SCAN
Source IP:  10.94.18.183
Ports:      [5353, 49280, 50019, 50420, 50928, 51016, 51520, 52942, 53097, 53205, 53666, 53973, 54055, 54368, 54412, 55011, 55334, 55854, 56446, 56628, 57352, 57853, 58713, 59235, 59316, 59358, 59950, 61887, 61892, 62106, 62188, 62281, 62722, 63218, 64715, 64798, 65032, 65098, 65181, 65302, 65490]
Severity:   HIGH
========================================

========================================
SECURITY ALERT
========================================
Time:       2026-08-11 21:08:21
Type:       PORT SCAN
Source IP:  2409:40d1:51d:754c::c8
Ports:      [50252, 51868, 55045, 55372, 55435, 57262, 60568, 61928, 63429, 64021]
Severity:   HIGH
========================================

========================================
SECURITY ALERT
========================================
Time:       2026-08-11 21:08:56
Type:       PORT SCAN
Source IP:  10.94.18.183
Ports:      [5353, 49752, 50289, 50390, 52942, 53047, 53603, 55279, 62898, 62989]
Severity:   HIGH
========================================

========================================
SECURITY ALERT
========================================
Time:       2026-08-11 21:08:57
Type:       PORT SCAN
Source IP:  2409:40d1:51d:754c::c8
Ports:      [50224, 51266, 52497, 54198, 55852, 57285, 60223, 61235, 63898, 63917]
Severity:   HIGH
========================================

========================================
SECURITY ALERT
========================================
Time:       2026-08-11 21:09:27
Type:       PORT SCAN
Source IP:  10.94.18.183
Ports:      [1112, 17159, 30337, 35454, 36619, 49664, 49692, 58103, 59968, 60323]
Severity:   HIGH
========================================

========================================
SECURITY ALERT
========================================
Time:       2026-08-11 21:09:28
Type:       PORT SCAN
Source IP:  2409:40d1:51d:754c::c8
Ports:      [2622, 10355, 21448, 29169, 33858, 54486, 56085, 57754, 63428, 64259]
Severity:   HIGH
========================================

========================================
SECURITY ALERT
========================================
Time:       2026-08-11 21:09:57
Type:       PORT SCAN
Source IP:  10.94.18.183
Ports:      [1382, 5303, 5353, 7169, 7734, 10224, 22081, 22625, 30012, 35570, 36435, 43026, 48834, 54664, 59034, 59854]
Severity:   HIGH
========================================

========================================
SECURITY ALERT
========================================
Time:       2026-08-11 21:09:59
Type:       PORT SCAN
Source IP:  2409:40d1:51d:754c::c8
Ports:      [6528, 15351, 24200, 44761, 46360, 49125, 53241, 54151, 57863, 62650]
Severity:   HIGH
========================================

========================================
SECURITY ALERT
========================================
Time:       2026-08-11 21:10:29
Type:       PORT SCAN
Source IP:  10.94.18.183
Ports:      [14547, 17191, 22103, 22963, 25429, 27935, 46325, 46671, 49666, 52709, 52850, 52985, 54142, 54799, 55324, 55753, 57236, 58688, 58779, 59668, 59761, 59790, 60257, 60371, 60632, 61300, 62475, 63317, 63899, 64567, 64647, 64853, 65432]
Severity:   HIGH
========================================

========================================
SECURITY ALERT
========================================
Time:       2026-08-11 21:10:30
Type:       PORT SCAN
Source IP:  2409:40d1:51d:754c::c8
Ports:      [4532, 7325, 21314, 24611, 28520, 42976, 43209, 59061, 60632, 61416]
Severity:   HIGH
========================================

========================================
SECURITY ALERT
========================================
Time:       2026-08-11 21:11:03
Type:       PORT SCAN
Source IP:  10.94.18.183
Ports:      [2874, 5353, 11861, 13370, 18550, 25913, 31275, 39463, 45775, 59400]
Severity:   HIGH
========================================

========================================
SECURITY ALERT
========================================
Time:       2026-08-11 21:11:45
Type:       TRAFFIC SPIKE
Source IP:  NETWORK
Ports:      []
Severity:   MEDIUM
========================================

========================================
SECURITY ALERT
========================================
Time:       2026-08-11 21:12:11
Type:       PORT SCAN
Source IP:  10.94.18.183
Ports:      [68, 5353, 6429, 18924, 20329, 26450, 33006, 33680, 44956, 58893]
Severity:   HIGH
========================================

========================================
SECURITY ALERT
========================================
Time:       2026-08-11 21:12:14
Type:       PORT SCAN
Source IP:  2409:40d1:51d:754c::c8
Ports:      [16936, 31197, 32166, 33244, 41369, 43311, 46633, 49326, 58481, 60928]
Severity:   HIGH
========================================

========================================
SECURITY ALERT
========================================
Time:       2026-08-11 21:12:55
Type:       TRAFFIC SPIKE
Source IP:  NETWORK
Ports:      []
Severity:   MEDIUM
========================================

========================================
SECURITY ALERT
========================================
Time:       2026-08-11 21:12:59
Type:       PORT SCAN
Source IP:  10.94.18.183
Ports:      [17380, 37848, 40292, 53936, 53941, 54332, 54403, 54874, 63628, 64096]
Severity:   HIGH
========================================

========================================
SECURITY ALERT
========================================
Time:       2026-08-11 21:14:00
Type:       TRAFFIC SPIKE
Source IP:  NETWORK
Ports:      []
Severity:   MEDIUM
========================================

========================================
SECURITY ALERT
========================================
Time:       2026-08-11 21:14:01
Type:       PORT SCAN
Source IP:  10.94.18.183
Ports:      [7517, 10306, 18591, 28000, 42383, 49664, 52372, 55577, 59702, 63431]
Severity:   HIGH
========================================

========================================
SECURITY ALERT
========================================
Time:       2026-08-11 21:14:30
Type:       TRAFFIC SPIKE
Source IP:  NETWORK
Ports:      []
Severity:   MEDIUM
========================================

========================================
SECURITY ALERT
========================================
Time:       2026-08-11 21:14:34
Type:       PORT SCAN
Source IP:  10.94.18.183
Ports:      [50268, 53941, 54403, 54481, 57303, 58583, 59899, 63665, 64374, 65187]
Severity:   HIGH
========================================

========================================
SECURITY ALERT
========================================
Time:       2026-08-11 21:15:24
Type:       PORT SCAN
Source IP:  10.94.18.183
Ports:      [5353, 14515, 18227, 20347, 38982, 42120, 43581, 46594, 47653, 63152]
Severity:   HIGH
========================================

========================================
SECURITY ALERT
========================================
Time:       2026-08-11 21:16:13
Type:       PORT SCAN
Source IP:  10.94.18.183
Ports:      [1559, 3031, 7158, 13656, 54946, 55174, 57214, 61514, 62797, 63434]
Severity:   HIGH
========================================

========================================
SECURITY ALERT
========================================
Time:       2026-08-11 21:17:24
Type:       TRAFFIC SPIKE
Source IP:  NETWORK
Ports:      []
Severity:   MEDIUM
========================================

========================================
SECURITY ALERT
========================================
Time:       2026-08-11 21:17:24
Type:       PORT SCAN
Source IP:  10.94.18.183
Ports:      [5353, 5549, 7008, 13525, 15056, 21523, 23271, 24235, 27927, 28870]
Severity:   HIGH
========================================

========================================
SECURITY ALERT
========================================
Time:       2026-08-11 21:17:25
Type:       PORT SCAN
Source IP:  2409:40d1:51d:754c::c8
Ports:      [3735, 6930, 25696, 26323, 28128, 39588, 55516, 58133, 61188, 63757]
Severity:   HIGH
========================================

========================================
SECURITY ALERT
========================================
Time:       2026-08-11 21:17:55
Type:       TRAFFIC SPIKE
Source IP:  NETWORK
Ports:      []
Severity:   MEDIUM
========================================

========================================
SECURITY ALERT
========================================
Time:       2026-08-11 21:17:59
Type:       PORT SCAN
Source IP:  10.94.18.183
Ports:      [8029, 13884, 51567, 52715, 52824, 53031, 53618, 58698, 61015, 65005]
Severity:   HIGH
========================================

========================================
SECURITY ALERT
========================================
Time:       2026-08-11 21:22:32
Type:       TRAFFIC SPIKE
Source IP:  NETWORK
Ports:      []
Severity:   MEDIUM
========================================

========================================
SECURITY ALERT
========================================
Time:       2026-08-11 21:22:32
Type:       PORT SCAN
Source IP:  2409:40d1:51d:754c::c8
Ports:      [12102, 22500, 26097, 37739, 39120, 49191, 49235, 56843, 58285, 59671]
Severity:   HIGH
========================================

========================================
SECURITY ALERT
========================================
Time:       2026-08-11 21:22:33
Type:       PORT SCAN
Source IP:  10.94.18.183
Ports:      [20714, 20826, 27388, 30943, 50144, 52715, 57752, 58285, 59671, 65239]
Severity:   HIGH
========================================

========================================
SECURITY ALERT
========================================
Time:       2026-08-11 21:37:19
Type:       TRAFFIC SPIKE
Source IP:  NETWORK
Ports:      []
Severity:   MEDIUM
========================================

========================================
SECURITY ALERT
========================================
Time:       2026-08-11 21:37:46
Type:       PORT SCAN
Source IP:  10.94.18.183
Ports:      [6474, 18727, 30854, 36262, 52271, 55065, 56623, 58593, 59247, 60146]
Severity:   HIGH
========================================

========================================
SECURITY ALERT
========================================
Time:       2026-08-11 21:38:22
Type:       TRAFFIC SPIKE
Source IP:  NETWORK
Ports:      []
Severity:   MEDIUM
========================================

========================================
SECURITY ALERT
========================================
Time:       2026-08-11 21:38:38
Type:       PORT SCAN
Source IP:  10.94.18.183
Ports:      [29514, 32635, 42820, 47310, 50356, 50493, 50775, 52133, 52271, 55065]
Severity:   HIGH
========================================

========================================
SECURITY ALERT
========================================
Time:       2026-08-11 21:39:12
Type:       TRAFFIC SPIKE
Source IP:  NETWORK
Ports:      []
Severity:   MEDIUM
========================================

========================================
SECURITY ALERT
========================================
Time:       2026-08-11 21:40:03
Type:       TRAFFIC SPIKE
Source IP:  NETWORK
Ports:      []
Severity:   MEDIUM
========================================

========================================
SECURITY ALERT
========================================
Time:       2026-08-11 21:40:15
Type:       PORT SCAN
Source IP:  10.94.18.183
Ports:      [9824, 14078, 25705, 31827, 31871, 35353, 50666, 53329, 58189, 59187]
Severity:   HIGH
========================================

========================================
SECURITY ALERT
========================================
Time:       2026-08-11 21:40:39
Type:       TRAFFIC SPIKE
Source IP:  NETWORK
Ports:      []
Severity:   MEDIUM
========================================

========================================
SECURITY ALERT
========================================
Time:       2026-08-11 21:41:20
Type:       TRAFFIC SPIKE
Source IP:  NETWORK
Ports:      []
Severity:   MEDIUM
========================================

========================================
SECURITY ALERT
========================================
Time:       2026-08-11 21:42:06
Type:       TRAFFIC SPIKE
Source IP:  NETWORK
Ports:      []
Severity:   MEDIUM
========================================

========================================
SECURITY ALERT
========================================
Time:       2026-08-11 21:42:59
Type:       TRAFFIC SPIKE
Source IP:  NETWORK
Ports:      []
Severity:   MEDIUM
========================================

========================================
SECURITY ALERT
========================================
Time:       2026-08-11 21:43:36
Type:       TRAFFIC SPIKE
Source IP:  NETWORK
Ports:      []
Severity:   MEDIUM
========================================

========================================
SECURITY ALERT
========================================
Time:       2026-08-11 21:44:20
Type:       TRAFFIC SPIKE
Source IP:  NETWORK
Ports:      []
Severity:   MEDIUM
========================================

========================================
SECURITY ALERT
========================================
Time:       2026-08-11 21:44:21
Type:       PORT SCAN
Source IP:  10.94.18.183
Ports:      [5359, 8524, 12724, 15074, 15134, 35427, 45930, 49126, 55654, 56680]
Severity:   HIGH
========================================

========================================
SECURITY ALERT
========================================
Time:       2026-08-11 21:44:53
Type:       TRAFFIC SPIKE
Source IP:  NETWORK
Ports:      []
Severity:   MEDIUM
========================================

========================================
SECURITY ALERT
========================================
Time:       2026-08-12 09:02:40
Type:       TRAFFIC SPIKE
Source IP:  NETWORK
Ports:      []
Severity:   MEDIUM
========================================

========================================
SECURITY ALERT
========================================
Time:       2026-08-12 09:03:16
Type:       TRAFFIC SPIKE
Source IP:  NETWORK
Ports:      []
Severity:   MEDIUM
========================================

========================================
SECURITY ALERT
========================================
Time:       2026-08-12 09:03:25
Type:       PORT SCAN
Source IP:  10.94.18.183
Ports:      [49333, 53198, 53302, 53521, 55294, 56203, 56474, 57446, 59929, 61532]
Severity:   HIGH
========================================

========================================
SECURITY ALERT
========================================
Time:       2026-08-12 09:03:59
Type:       TRAFFIC SPIKE
Source IP:  NETWORK
Ports:      []
Severity:   MEDIUM
========================================

========================================
SECURITY ALERT
========================================
Time:       2026-08-12 09:04:30
Type:       TRAFFIC SPIKE
Source IP:  NETWORK
Ports:      []
Severity:   MEDIUM
========================================

========================================
SECURITY ALERT
========================================
Time:       2026-08-12 09:05:11
Type:       TRAFFIC SPIKE
Source IP:  NETWORK
Ports:      []
Severity:   MEDIUM
========================================

========================================
SECURITY ALERT
========================================
Time:       2026-08-12 09:05:54
Type:       TRAFFIC SPIKE
Source IP:  NETWORK
Ports:      []
Severity:   MEDIUM
========================================

========================================
SECURITY ALERT
========================================
Time:       2026-08-12 09:06:57
Type:       TRAFFIC SPIKE
Source IP:  NETWORK
Ports:      []
Severity:   MEDIUM
========================================

========================================
SECURITY ALERT
========================================
Time:       2026-08-12 09:07:01
Type:       PORT SCAN
Source IP:  10.94.18.183
Ports:      [49664, 50417, 51916, 54782, 56049, 58451, 60149, 61245, 61828, 64483]
Severity:   HIGH
========================================

========================================
SECURITY ALERT
========================================
Time:       2026-08-12 09:07:57
Type:       TRAFFIC SPIKE
Source IP:  NETWORK
Ports:      []
Severity:   MEDIUM
========================================

========================================
SECURITY ALERT
========================================
Time:       2026-08-12 09:15:09
Type:       TRAFFIC SPIKE
Source IP:  NETWORK
Ports:      []
Severity:   MEDIUM
========================================

========================================
SECURITY ALERT
========================================
Time:       2026-08-12 09:15:39
Type:       TRAFFIC SPIKE
Source IP:  NETWORK
Ports:      []
Severity:   MEDIUM
========================================

========================================
SECURITY ALERT
========================================
Time:       2026-08-12 09:16:09
Type:       TRAFFIC SPIKE
Source IP:  NETWORK
Ports:      []
Severity:   MEDIUM
========================================

========================================
SECURITY ALERT
========================================
Time:       2026-08-12 09:16:40
Type:       TRAFFIC SPIKE
Source IP:  NETWORK
Ports:      []
Severity:   MEDIUM
========================================

========================================
SECURITY ALERT
========================================
Time:       2026-08-12 09:22:11
Type:       TRAFFIC SPIKE
Source IP:  NETWORK
Ports:      []
Severity:   MEDIUM
========================================

========================================
SECURITY ALERT
========================================
Time:       2026-08-12 09:22:42
Type:       TRAFFIC SPIKE
Source IP:  NETWORK
Ports:      []
Severity:   MEDIUM
========================================

========================================
SECURITY ALERT
========================================
Time:       2026-08-12 09:22:49
Type:       PORT SCAN
Source IP:  10.94.18.183
Ports:      [49740, 49862, 51710, 52365, 57959, 58941, 60064, 60490, 60928, 61595]
Severity:   HIGH
========================================

========================================
SECURITY ALERT
========================================
Time:       2026-08-12 09:23:12
Type:       TRAFFIC SPIKE
Source IP:  NETWORK
Ports:      []
Severity:   MEDIUM
========================================

========================================
SECURITY ALERT
========================================
Time:       2026-08-12 09:23:20
Type:       PORT SCAN
Source IP:  2409:40d1:51d:754c::b5
Ports:      [53459, 55267, 57345, 57718, 58189, 58472, 58914, 59455, 61078, 63482]
Severity:   HIGH
========================================

========================================
SECURITY ALERT
========================================
Time:       2026-08-12 09:23:42
Type:       TRAFFIC SPIKE
Source IP:  NETWORK
Ports:      []
Severity:   MEDIUM
========================================

========================================
SECURITY ALERT
========================================
Time:       2026-08-12 09:23:51
Type:       PORT SCAN
Source IP:  2409:40d1:51d:754c::b5
Ports:      [14298, 50014, 51463, 56160, 57843, 58288, 59673, 60389, 60888, 60935, 65303]
Severity:   HIGH
========================================

========================================
SECURITY ALERT
========================================
Time:       2026-08-12 09:24:12
Type:       TRAFFIC SPIKE
Source IP:  NETWORK
Ports:      []
Severity:   MEDIUM
========================================

========================================
SECURITY ALERT
========================================
Time:       2026-08-12 09:24:42
Type:       TRAFFIC SPIKE
Source IP:  NETWORK
Ports:      []
Severity:   MEDIUM
========================================

========================================
SECURITY ALERT
========================================
Time:       2026-08-12 09:25:12
Type:       TRAFFIC SPIKE
Source IP:  NETWORK
Ports:      []
Severity:   MEDIUM
========================================

========================================
SECURITY ALERT
========================================
Time:       2026-08-12 09:25:42
Type:       TRAFFIC SPIKE
Source IP:  NETWORK
Ports:      []
Severity:   MEDIUM
========================================

========================================
SECURITY ALERT
========================================
Time:       2026-08-12 09:26:13
Type:       TRAFFIC SPIKE
Source IP:  NETWORK
Ports:      []
Severity:   MEDIUM
========================================

========================================
SECURITY ALERT
========================================
Time:       2026-08-12 09:26:37
Type:       PORT SCAN
Source IP:  10.94.18.183
Ports:      [50243, 52532, 53754, 55030, 55423, 61190, 61224, 61821, 64482, 65157]
Severity:   HIGH
========================================

========================================
SECURITY ALERT
========================================
Time:       2026-08-12 09:26:42
Type:       TRAFFIC SPIKE
Source IP:  NETWORK
Ports:      []
Severity:   MEDIUM
========================================

========================================
SECURITY ALERT
========================================
Time:       2026-08-12 09:27:13
Type:       TRAFFIC SPIKE
Source IP:  NETWORK
Ports:      []
Severity:   MEDIUM
========================================

========================================
SECURITY ALERT
========================================
Time:       2026-08-12 09:27:43
Type:       TRAFFIC SPIKE
Source IP:  NETWORK
Ports:      []
Severity:   MEDIUM
========================================

========================================
SECURITY ALERT
========================================
Time:       2026-08-12 09:28:13
Type:       TRAFFIC SPIKE
Source IP:  NETWORK
Ports:      []
Severity:   MEDIUM
========================================

========================================
SECURITY ALERT
========================================
Time:       2026-08-12 09:28:43
Type:       TRAFFIC SPIKE
Source IP:  NETWORK
Ports:      []
Severity:   MEDIUM
========================================

========================================
SECURITY ALERT
========================================
Time:       2026-08-12 09:29:13
Type:       TRAFFIC SPIKE
Source IP:  NETWORK
Ports:      []
Severity:   MEDIUM
========================================

========================================
SECURITY ALERT
========================================
Time:       2026-08-12 09:29:43
Type:       TRAFFIC SPIKE
Source IP:  NETWORK
Ports:      []
Severity:   MEDIUM
========================================

========================================
SECURITY ALERT
========================================
Time:       2026-08-12 09:30:13
Type:       TRAFFIC SPIKE
Source IP:  NETWORK
Ports:      []
Severity:   MEDIUM
========================================

========================================
SECURITY ALERT
========================================
Time:       2026-08-12 09:30:43
Type:       TRAFFIC SPIKE
Source IP:  NETWORK
Ports:      []
Severity:   MEDIUM
========================================

========================================
SECURITY ALERT
========================================
Time:       2026-08-12 09:31:13
Type:       TRAFFIC SPIKE
Source IP:  NETWORK
Ports:      []
Severity:   MEDIUM
========================================

========================================
SECURITY ALERT
========================================
Time:       2026-08-12 09:31:43
Type:       TRAFFIC SPIKE
Source IP:  NETWORK
Ports:      []
Severity:   MEDIUM
========================================

========================================
SECURITY ALERT
========================================
Time:       2026-08-12 09:32:13
Type:       TRAFFIC SPIKE
Source IP:  NETWORK
Ports:      []
Severity:   MEDIUM
========================================

========================================
SECURITY ALERT
========================================
Time:       2026-08-12 09:32:43
Type:       TRAFFIC SPIKE
Source IP:  NETWORK
Ports:      []
Severity:   MEDIUM
========================================

========================================
SECURITY ALERT
========================================
Time:       2026-08-12 09:33:13
Type:       TRAFFIC SPIKE
Source IP:  NETWORK
Ports:      []
Severity:   MEDIUM
========================================

========================================
SECURITY ALERT
========================================
Time:       2026-08-12 09:33:43
Type:       TRAFFIC SPIKE
Source IP:  NETWORK
Ports:      []
Severity:   MEDIUM
========================================

========================================
SECURITY ALERT
========================================
Time:       2026-08-12 09:34:13
Type:       TRAFFIC SPIKE
Source IP:  NETWORK
Ports:      []
Severity:   MEDIUM
========================================

========================================
SECURITY ALERT
========================================
Time:       2026-08-12 09:45:11
Type:       TRAFFIC SPIKE
Source IP:  NETWORK
Ports:      []
Severity:   MEDIUM
========================================

========================================
SECURITY ALERT
========================================
Time:       2026-08-12 09:45:41
Type:       TRAFFIC SPIKE
Source IP:  NETWORK
Ports:      []
Severity:   MEDIUM
========================================

========================================
SECURITY ALERT
========================================
Time:       2026-08-12 09:46:11
Type:       TRAFFIC SPIKE
Source IP:  NETWORK
Ports:      []
Severity:   MEDIUM
========================================

========================================
SECURITY ALERT
========================================
Time:       2026-08-12 09:46:41
Type:       TRAFFIC SPIKE
Source IP:  NETWORK
Ports:      []
Severity:   MEDIUM
========================================

========================================
SECURITY ALERT
========================================
Time:       2026-08-12 09:47:11
Type:       TRAFFIC SPIKE
Source IP:  NETWORK
Ports:      []
Severity:   MEDIUM
========================================

========================================
SECURITY ALERT
========================================
Time:       2026-08-12 09:47:41
Type:       TRAFFIC SPIKE
Source IP:  NETWORK
Ports:      []
Severity:   MEDIUM
========================================

========================================
SECURITY ALERT
========================================
Time:       2026-08-12 09:48:11
Type:       TRAFFIC SPIKE
Source IP:  NETWORK
Ports:      []
Severity:   MEDIUM
========================================

========================================
SECURITY ALERT
========================================
Time:       2026-08-12 09:48:41
Type:       TRAFFIC SPIKE
Source IP:  NETWORK
Ports:      []
Severity:   MEDIUM
========================================

========================================
SECURITY ALERT
========================================
Time:       2026-08-12 09:49:12
Type:       TRAFFIC SPIKE
Source IP:  NETWORK
Ports:      []
Severity:   MEDIUM
========================================

========================================
SECURITY ALERT
========================================
Time:       2026-08-12 09:49:42
Type:       TRAFFIC SPIKE
Source IP:  NETWORK
Ports:      []
Severity:   MEDIUM
========================================

========================================
SECURITY ALERT
========================================
Time:       2026-08-12 09:50:12
Type:       TRAFFIC SPIKE
Source IP:  NETWORK
Ports:      []
Severity:   MEDIUM
========================================

========================================
SECURITY ALERT
========================================
Time:       2026-08-12 09:50:42
Type:       TRAFFIC SPIKE
Source IP:  NETWORK
Ports:      []
Severity:   MEDIUM
========================================

========================================
SECURITY ALERT
========================================
Time:       2026-08-12 09:51:13
Type:       TRAFFIC SPIKE
Source IP:  NETWORK
Ports:      []
Severity:   MEDIUM
========================================

========================================
SECURITY ALERT
========================================
Time:       2026-08-12 09:51:43
Type:       TRAFFIC SPIKE
Source IP:  NETWORK
Ports:      []
Severity:   MEDIUM
========================================

========================================
SECURITY ALERT
========================================
Time:       2026-08-12 09:52:13
Type:       TRAFFIC SPIKE
Source IP:  NETWORK
Ports:      []
Severity:   MEDIUM
========================================

========================================
SECURITY ALERT
========================================
Time:       2026-08-12 09:52:43
Type:       TRAFFIC SPIKE
Source IP:  NETWORK
Ports:      []
Severity:   MEDIUM
========================================

========================================
SECURITY ALERT
========================================
Time:       2026-08-12 09:53:13
Type:       TRAFFIC SPIKE
Source IP:  NETWORK
Ports:      []
Severity:   MEDIUM
========================================

========================================
SECURITY ALERT
========================================
Time:       2026-08-12 09:53:43
Type:       TRAFFIC SPIKE
Source IP:  NETWORK
Ports:      []
Severity:   MEDIUM
========================================

========================================
SECURITY ALERT
========================================
Time:       2026-08-12 09:54:13
Type:       TRAFFIC SPIKE
Source IP:  NETWORK
Ports:      []
Severity:   MEDIUM
========================================

========================================
SECURITY ALERT
========================================
Time:       2026-08-12 09:54:31
Type:       PORT SCAN
Source IP:  10.94.18.183
Ports:      [5353, 49406, 50595, 51699, 53770, 56111, 56213, 56975, 58840, 62625]
Severity:   HIGH
========================================

========================================
SECURITY ALERT
========================================
Time:       2026-08-12 09:54:43
Type:       TRAFFIC SPIKE
Source IP:  NETWORK
Ports:      []
Severity:   MEDIUM
========================================

========================================
SECURITY ALERT
========================================
Time:       2026-08-12 09:55:13
Type:       TRAFFIC SPIKE
Source IP:  NETWORK
Ports:      []
Severity:   MEDIUM
========================================

========================================
SECURITY ALERT
========================================
Time:       2026-08-12 09:55:43
Type:       TRAFFIC SPIKE
Source IP:  NETWORK
Ports:      []
Severity:   MEDIUM
========================================

========================================
SECURITY ALERT
========================================
Time:       2026-08-12 09:56:14
Type:       TRAFFIC SPIKE
Source IP:  NETWORK
Ports:      []
Severity:   MEDIUM
========================================

========================================
SECURITY ALERT
========================================
Time:       2026-08-12 09:56:44
Type:       TRAFFIC SPIKE
Source IP:  NETWORK
Ports:      []
Severity:   MEDIUM
========================================

========================================
SECURITY ALERT
========================================
Time:       2026-08-12 09:57:14
Type:       TRAFFIC SPIKE
Source IP:  NETWORK
Ports:      []
Severity:   MEDIUM
========================================

========================================
SECURITY ALERT
========================================
Time:       2026-08-12 09:57:21
Type:       PORT SCAN
Source IP:  10.94.18.183
Ports:      [1733, 3875, 8504, 11714, 14912, 18457, 21141, 32799, 34131, 44625]
Severity:   HIGH
========================================

========================================
SECURITY ALERT
========================================
Time:       2026-08-12 09:57:44
Type:       TRAFFIC SPIKE
Source IP:  NETWORK
Ports:      []
Severity:   MEDIUM
========================================

========================================
SECURITY ALERT
========================================
Time:       2026-08-12 09:57:52
Type:       PORT SCAN
Source IP:  10.94.18.183
Ports:      [2174, 9004, 28573, 50202, 54160, 54391, 58328, 59876, 60520, 62434]
Severity:   HIGH
========================================

========================================
SECURITY ALERT
========================================
Time:       2026-08-12 09:58:14
Type:       TRAFFIC SPIKE
Source IP:  NETWORK
Ports:      []
Severity:   MEDIUM
========================================

========================================
SECURITY ALERT
========================================
Time:       2026-08-12 09:58:33
Type:       PORT SCAN
Source IP:  2409:40d1:51d:754c::b5
Ports:      [3492, 5636, 15973, 21757, 29081, 31206, 37738, 46016, 51938, 64149]
Severity:   HIGH
========================================

========================================
SECURITY ALERT
========================================
Time:       2026-08-12 09:58:35
Type:       PORT SCAN
Source IP:  10.94.18.183
Ports:      [6891, 10323, 10905, 18156, 40187, 44149, 49671, 54065, 60100, 63203]
Severity:   HIGH
========================================

========================================
SECURITY ALERT
========================================
Time:       2026-08-12 09:58:44
Type:       TRAFFIC SPIKE
Source IP:  NETWORK
Ports:      []
Severity:   MEDIUM
========================================

========================================
SECURITY ALERT
========================================
Time:       2026-08-12 09:59:12
Type:       PORT SCAN
Source IP:  10.94.18.183
Ports:      [4080, 44149, 50294, 55383, 55568, 56629, 57084, 61659, 61856, 64393]
Severity:   HIGH
========================================

========================================
SECURITY ALERT
========================================
Time:       2026-08-12 09:59:14
Type:       TRAFFIC SPIKE
Source IP:  NETWORK
Ports:      []
Severity:   MEDIUM
========================================

========================================
SECURITY ALERT
========================================
Time:       2026-08-12 09:59:44
Type:       TRAFFIC SPIKE
Source IP:  NETWORK
Ports:      []
Severity:   MEDIUM
========================================

========================================
SECURITY ALERT
========================================
Time:       2026-08-12 09:59:49
Type:       PORT SCAN
Source IP:  10.94.18.183
Ports:      [15334, 44260, 55064, 57071, 57808, 57956, 58599, 60443, 62042, 63692, 64367, 65189, 65417]
Severity:   HIGH
========================================

========================================
SECURITY ALERT
========================================
Time:       2026-08-12 10:00:14
Type:       TRAFFIC SPIKE
Source IP:  NETWORK
Ports:      []
Severity:   MEDIUM
========================================

========================================
SECURITY ALERT
========================================
Time:       2026-08-12 10:00:20
Type:       PORT SCAN
Source IP:  10.94.18.183
Ports:      [1485, 4632, 6112, 6291, 8148, 9494, 14286, 16727, 21328, 21833, 23173, 24256, 25497, 29335, 29631, 31624, 33053, 33479, 33611, 33647, 33741, 34180, 35472, 36198, 37068, 38542, 41814, 45036, 45109, 48559, 54227, 56818, 57187, 57614, 58469, 59093]
Severity:   HIGH
========================================

========================================
SECURITY ALERT
========================================
Time:       2026-08-12 10:00:26
Type:       PORT SCAN
Source IP:  2001:4860:4828:7700::
Ports:      [8508, 15230, 21488, 24677, 38441, 43274, 50799, 51368, 54534, 55532]
Severity:   HIGH
========================================

========================================
SECURITY ALERT
========================================
Time:       2026-08-12 10:00:44
Type:       TRAFFIC SPIKE
Source IP:  NETWORK
Ports:      []
Severity:   MEDIUM
========================================

========================================
SECURITY ALERT
========================================
Time:       2026-08-12 10:00:51
Type:       PORT SCAN
Source IP:  10.94.18.183
Ports:      [1298, 3123, 17367, 20220, 21907, 35177, 50508, 56283, 64049, 64274]
Severity:   HIGH
========================================

========================================
SECURITY ALERT
========================================
Time:       2026-08-12 10:01:14
Type:       TRAFFIC SPIKE
Source IP:  NETWORK
Ports:      []
Severity:   MEDIUM
========================================

========================================
SECURITY ALERT
========================================
Time:       2026-08-12 10:01:23
Type:       PORT SCAN
Source IP:  10.94.18.183
Ports:      [3564, 5906, 20108, 26341, 35496, 36120, 36875, 40407, 49671, 56004]
Severity:   HIGH
========================================

========================================
SECURITY ALERT
========================================
Time:       2026-08-12 10:01:44
Type:       TRAFFIC SPIKE
Source IP:  NETWORK
Ports:      []
Severity:   MEDIUM
========================================

========================================
SECURITY ALERT
========================================
Time:       2026-08-12 10:02:14
Type:       TRAFFIC SPIKE
Source IP:  NETWORK
Ports:      []
Severity:   MEDIUM
========================================

========================================
SECURITY ALERT
========================================
Time:       2026-08-12 10:02:26
Type:       PORT SCAN
Source IP:  10.94.18.183
Ports:      [1240, 17075, 18335, 26428, 35565, 38024, 50140, 56085, 58649, 64071]
Severity:   HIGH
========================================

========================================
SECURITY ALERT
========================================
Time:       2026-08-12 10:02:44
Type:       TRAFFIC SPIKE
Source IP:  NETWORK
Ports:      []
Severity:   MEDIUM
========================================

========================================
SECURITY ALERT
========================================
Time:       2026-08-12 10:02:57
Type:       PORT SCAN
Source IP:  10.94.18.183
Ports:      [1141, 1740, 2615, 3775, 9579, 10256, 11409, 15971, 19971, 23520, 24913, 35281, 37848, 38413, 39584, 44741, 45665, 48738, 50387, 51507, 51695, 52788, 61767]
Severity:   HIGH
========================================

========================================
SECURITY ALERT
========================================
Time:       2026-08-12 10:03:14
Type:       TRAFFIC SPIKE
Source IP:  NETWORK
Ports:      []
Severity:   MEDIUM
========================================

========================================
SECURITY ALERT
========================================
Time:       2026-08-12 10:03:28
Type:       PORT SCAN
Source IP:  10.94.18.183
Ports:      [4930, 7054, 7462, 30926, 31157, 37368, 37939, 45930, 48987, 53048, 61089]
Severity:   HIGH
========================================

========================================
SECURITY ALERT
========================================
Time:       2026-08-12 10:03:44
Type:       TRAFFIC SPIKE
Source IP:  NETWORK
Ports:      []
Severity:   MEDIUM
========================================

========================================
SECURITY ALERT
========================================
Time:       2026-08-12 10:04:14
Type:       TRAFFIC SPIKE
Source IP:  NETWORK
Ports:      []
Severity:   MEDIUM
========================================

========================================
SECURITY ALERT
========================================
Time:       2026-08-12 10:04:44
Type:       TRAFFIC SPIKE
Source IP:  NETWORK
Ports:      []
Severity:   MEDIUM
========================================

========================================
SECURITY ALERT
========================================
Time:       2026-08-12 10:05:14
Type:       TRAFFIC SPIKE
Source IP:  NETWORK
Ports:      []
Severity:   MEDIUM
========================================

========================================
SECURITY ALERT
========================================
Time:       2026-08-12 10:05:39
Type:       PORT SCAN
Source IP:  10.94.18.183
Ports:      [17650, 30127, 34679, 36986, 41925, 46213, 55753, 56620, 58322, 58732]
Severity:   HIGH
========================================

========================================
SECURITY ALERT
========================================
Time:       2026-08-12 10:05:44
Type:       TRAFFIC SPIKE
Source IP:  NETWORK
Ports:      []
Severity:   MEDIUM
========================================

========================================
SECURITY ALERT
========================================
Time:       2026-08-12 10:06:04
Type:       PORT SCAN
Source IP:  2409:40d1:51d:754c::b5
Ports:      [1357, 5861, 6104, 14443, 17465, 19461, 30178, 34828, 49671, 59432]
Severity:   HIGH
========================================

========================================
SECURITY ALERT
========================================
Time:       2026-08-12 10:06:09
Type:       PORT SCAN
Source IP:  10.94.18.183
Ports:      [6426, 10840, 14542, 25934, 27564, 28612, 31684, 33217, 35340, 39177, 47434, 50203, 53295, 53811, 55125, 55431, 55846, 57951, 58191, 60780, 61554, 63994, 65187]
Severity:   HIGH
========================================

========================================
SECURITY ALERT
========================================
Time:       2026-08-12 10:06:14
Type:       TRAFFIC SPIKE
Source IP:  NETWORK
Ports:      []
Severity:   MEDIUM
========================================

========================================
SECURITY ALERT
========================================
Time:       2026-08-12 10:06:44
Type:       TRAFFIC SPIKE
Source IP:  NETWORK
Ports:      []
Severity:   MEDIUM
========================================

========================================
SECURITY ALERT
========================================
Time:       2026-08-12 10:07:14
Type:       TRAFFIC SPIKE
Source IP:  NETWORK
Ports:      []
Severity:   MEDIUM
========================================

========================================
SECURITY ALERT
========================================
Time:       2026-08-12 10:07:44
Type:       TRAFFIC SPIKE
Source IP:  NETWORK
Ports:      []
Severity:   MEDIUM
========================================

========================================
SECURITY ALERT
========================================
Time:       2026-08-12 10:08:12
Type:       PORT SCAN
Source IP:  10.94.18.183
Ports:      [5090, 16235, 16287, 25892, 30724, 43752, 44750, 57367, 62927, 63580]
Severity:   HIGH
========================================

========================================
SECURITY ALERT
========================================
Time:       2026-08-12 10:08:14
Type:       TRAFFIC SPIKE
Source IP:  NETWORK
Ports:      []
Severity:   MEDIUM
========================================

========================================
SECURITY ALERT
========================================
Time:       2026-08-12 10:08:44
Type:       TRAFFIC SPIKE
Source IP:  NETWORK
Ports:      []
Severity:   MEDIUM
========================================

========================================
SECURITY ALERT
========================================
Time:       2026-08-12 10:09:14
Type:       TRAFFIC SPIKE
Source IP:  NETWORK
Ports:      []
Severity:   MEDIUM
========================================

========================================
SECURITY ALERT
========================================
Time:       2026-08-12 10:09:19
Type:       PORT SCAN
Source IP:  10.94.18.183
Ports:      [3106, 5519, 6867, 9414, 50616, 51683, 53359, 53749, 55388, 63149]
Severity:   HIGH
========================================

========================================
SECURITY ALERT
========================================
Time:       2026-08-12 10:09:44
Type:       TRAFFIC SPIKE
Source IP:  NETWORK
Ports:      []
Severity:   MEDIUM
========================================

========================================
SECURITY ALERT
========================================
Time:       2026-08-12 10:10:14
Type:       TRAFFIC SPIKE
Source IP:  NETWORK
Ports:      []
Severity:   MEDIUM
========================================

========================================
SECURITY ALERT
========================================
Time:       2026-08-12 10:10:16
Type:       PORT SCAN
Source IP:  10.94.18.183
Ports:      [8350, 31563, 47386, 50912, 58265, 58735, 59808, 63239, 64440, 64642]
Severity:   HIGH
========================================

========================================
SECURITY ALERT
========================================
Time:       2026-08-12 10:10:17
Type:       PORT SCAN
Source IP:  2409:40d1:51d:754c::b5
Ports:      [50912, 51861, 54120, 58265, 58735, 59808, 62711, 63239, 64440, 64642]
Severity:   HIGH
========================================
